"자치구별(1)",자치구별(2),2020 3/4,2020 3/4,2020 3/4,2020 3/4,2020 3/4,2020 3/4,2020 3/4,2020 3/4,2020 3/4,2020 3/4,2020 3/4,2020 3/4,2020 3/4,2020 3/4,2020 3/4,2020 3/4,2020 3/4,2020 3/4,2020 3/4,2020 3/4,2020 3/4,2020 3/4,2020 3/4,2020 3/4,2020 3/4,2020 3/4,2020 3/4,2020 3/4,2020 3/4,2020 3/4,2020 3/4,2020 3/4,2020 3/4,2020 3/4,2020 3/4,2020 3/4,2020 3/4,2020 3/4,2020 3/4,2020 3/4,2020 3/4,2020 3/4,2020 3/4,2020 3/4,2020 3/4,2020 3/4,2020 3/4,2020 3/4,2020 3/4,2020 3/4,2020 3/4,2020 3/4,2020 3/4,2020 3/4,2020 3/4,2020 3/4,2020 3/4,2020 3/4,2020 3/4,2020 3/4,2020 3/4,2020 3/4,2020 3/4,2020 3/4,2020 3/4,2020 3/4,2020 3/4,2020 3/4,2020 3/4,2020 3/4,2020 3/4,2020 3/4,2020 3/4,2020 3/4,2020 3/4,2020 3/4,2020 3/4,2020 3/4,2020 3/4,2020 3/4,2020 3/4,2020 3/4,2020 3/4,2020 3/4,2020 3/4,2020 3/4,2020 3/4,2020 3/4,2020 3/4,2020 3/4,2020 3/4,2020 3/4,2020 3/4,2020 3/4,2020 3/4,2020 3/4,2020 3/4,2020 3/4,2020 3/4,2020 3/4,2020 3/4,2020 3/4,2020 3/4,2020 3/4,2020 3/4,2020 3/4,2020 3/4,2020 3/4,2020 3/4,2020 3/4,2020 3/4,2020 3/4,2020 3/4,2020 3/4,2020 3/4,2020 3/4,2020 3/4,2020 3/4,2020 3/4,2020 3/4,2020 3/4,2020 3/4,2020 3/4,2020 3/4,2020 3/4,2020 3/4,2020 3/4,2020 3/4,2020 3/4,2020 3/4,2020 3/4,2020 3/4,2020 3/4,2020 3/4,2020 3/4,2020 3/4,2020 3/4,2020 3/4,2020 3/4,2020 3/4,2020 3/4,2020 3/4,2020 3/4,2020 3/4,2020 3/4,2020 3/4,2020 3/4,2020 3/4,2020 3/4,2020 3/4,2020 3/4,2020 3/4,2020 3/4,2020 3/4,2020 3/4,2020 3/4,2020 3/4,2020 3/4,2020 3/4,2020 3/4,2020 3/4,2020 3/4,2020 3/4,2020 3/4,2020 3/4,2020 3/4,2020 3/4,2020 3/4,2020 3/4,2020 3/4,2020 3/4,2020 3/4,2020 3/4,2020 3/4,2020 3/4,2020 3/4,2020 3/4,2021 3/4,2021 3/4,2021 3/4,2021 3/4,2021 3/4,2021 3/4,2021 3/4,2021 3/4,2021 3/4,2021 3/4,2021 3/4,2021 3/4,2021 3/4,2021 3/4,2021 3/4,2021 3/4,2021 3/4,2021 3/4,2021 3/4,2021 3/4,2021 3/4,2021 3/4,2021 3/4,2021 3/4,2021 3/4,2021 3/4,2021 3/4,2021 3/4,2021 3/4,2021 3/4,2021 3/4,2021 3/4,2021 3/4,2021 3/4,2021 3/4,2021 3/4,2021 3/4,2021 3/4,2021 3/4,2021 3/4,2021 3/4,2021 3/4,2021 3/4,2021 3/4,2021 3/4,2021 3/4,2021 3/4,2021 3/4,2021 3/4,2021 3/4,2021 3/4,2021 3/4,2021 3/4,2021 3/4,2021 3/4,2021 3/4,2021 3/4,2021 3/4,2021 3/4,2021 3/4,2021 3/4,2021 3/4,2021 3/4,2021 3/4,2021 3/4,2021 3/4,2021 3/4,2021 3/4,2021 3/4,2021 3/4,2021 3/4,2021 3/4,2021 3/4,2021 3/4,2021 3/4,2021 3/4,2021 3/4,2021 3/4,2021 3/4,2021 3/4,2021 3/4,2021 3/4,2021 3/4,2021 3/4,2021 3/4,2021 3/4,2021 3/4,2021 3/4,2021 3/4,2021 3/4,2021 3/4,2021 3/4,2021 3/4,2021 3/4,2021 3/4,2021 3/4,2021 3/4,2021 3/4,2021 3/4,2021 3/4,2021 3/4,2021 3/4,2021 3/4,2021 3/4,2021 3/4,2021 3/4,2021 3/4,2021 3/4,2021 3/4,2021 3/4,2021 3/4,2021 3/4,2021 3/4,2021 3/4,2021 3/4,2021 3/4,2021 3/4,2021 3/4,2021 3/4,2021 3/4,2021 3/4,2021 3/4,2021 3/4,2021 3/4,2021 3/4,2021 3/4,2021 3/4,2021 3/4,2021 3/4,2021 3/4,2021 3/4,2021 3/4,2021 3/4,2021 3/4,2021 3/4,2021 3/4,2021 3/4,2021 3/4,2021 3/4,2021 3/4,2021 3/4,2021 3/4,2021 3/4,2021 3/4,2021 3/4,2021 3/4,2021 3/4,2021 3/4,2021 3/4,2021 3/4,2021 3/4,2021 3/4,2021 3/4,2021 3/4,2021 3/4,2021 3/4,2021 3/4,2021 3/4,2021 3/4,2021 3/4,2021 3/4,2021 3/4,2021 3/4,2021 3/4,2021 3/4,2021 3/4,2021 3/4,2021 3/4,2021 3/4,2021 3/4,2021 3/4,2021 3/4,2021 3/4,2021 3/4,2021 3/4,2021 3/4,2021 3/4,2022 3/4,2022 3/4,2022 3/4,2022 3/4,2022 3/4,2022 3/4,2022 3/4,2022 3/4,2022 3/4,2022 3/4,2022 3/4,2022 3/4,2022 3/4,2022 3/4,2022 3/4,2022 3/4,2022 3/4,2022 3/4,2022 3/4,2022 3/4,2022 3/4,2022 3/4,2022 3/4,2022 3/4,2022 3/4,2022 3/4,2022 3/4,2022 3/4,2022 3/4,2022 3/4,2022 3/4,2022 3/4,2022 3/4,2022 3/4,2022 3/4,2022 3/4,2022 3/4,2022 3/4,2022 3/4,2022 3/4,2022 3/4,2022 3/4,2022 3/4,2022 3/4,2022 3/4,2022 3/4,2022 3/4,2022 3/4,2022 3/4,2022 3/4,2022 3/4,2022 3/4,2022 3/4,2022 3/4,2022 3/4,2022 3/4,2022 3/4,2022 3/4,2022 3/4,2022 3/4,2022 3/4,2022 3/4,2022 3/4,2022 3/4,2022 3/4,2022 3/4,2022 3/4,2022 3/4,2022 3/4,2022 3/4,2022 3/4,2022 3/4,2022 3/4,2022 3/4,2022 3/4,2022 3/4,2022 3/4,2022 3/4,2022 3/4,2022 3/4,2022 3/4,2022 3/4,2022 3/4,2022 3/4,2022 3/4,2022 3/4,2022 3/4,2022 3/4,2022 3/4,2022 3/4,2022 3/4,2022 3/4,2022 3/4,2022 3/4,2022 3/4,2022 3/4,2022 3/4,2022 3/4,2022 3/4,2022 3/4,2022 3/4,2022 3/4,2022 3/4,2022 3/4,2022 3/4,2022 3/4,2022 3/4,2022 3/4,2022 3/4,2022 3/4,2022 3/4,2022 3/4,2022 3/4,2022 3/4,2022 3/4,2022 3/4,2022 3/4,2022 3/4,2022 3/4,2022 3/4,2022 3/4,2022 3/4,2022 3/4,2022 3/4,2022 3/4,2022 3/4,2022 3/4,2022 3/4,2022 3/4,2022 3/4,2022 3/4,2022 3/4,2022 3/4,2022 3/4,2022 3/4,2022 3/4,2022 3/4,2022 3/4,2022 3/4,2022 3/4,2022 3/4,2022 3/4,2022 3/4,2022 3/4,2022 3/4,2022 3/4,2022 3/4,2022 3/4,2022 3/4,2022 3/4,2022 3/4,2022 3/4,2022 3/4,2022 3/4,2022 3/4,2022 3/4,2022 3/4,2022 3/4,2022 3/4,2022 3/4,2022 3/4,2022 3/4,2022 3/4,2022 3/4,2022 3/4,2022 3/4,2022 3/4,2022 3/4,2022 3/4,2022 3/4,2022 3/4,2022 3/4,2022 3/4,2022 3/4,2022 3/4,2022 3/4,2022 3/4,2023 3/4,2023 3/4,2023 3/4,2023 3/4,2023 3/4,2023 3/4,2023 3/4,2023 3/4,2023 3/4,2023 3/4,2023 3/4,2023 3/4,2023 3/4,2023 3/4,2023 3/4,2023 3/4,2023 3/4,2023 3/4,2023 3/4,2023 3/4,2023 3/4,2023 3/4,2023 3/4,2023 3/4,2023 3/4,2023 3/4,2023 3/4,2023 3/4,2023 3/4,2023 3/4,2023 3/4,2023 3/4,2023 3/4,2023 3/4,2023 3/4,2023 3/4,2023 3/4,2023 3/4,2023 3/4,2023 3/4,2023 3/4,2023 3/4,2023 3/4,2023 3/4,2023 3/4,2023 3/4,2023 3/4,2023 3/4,2023 3/4,2023 3/4,2023 3/4,2023 3/4,2023 3/4,2023 3/4,2023 3/4,2023 3/4,2023 3/4,2023 3/4,2023 3/4,2023 3/4,2023 3/4,2023 3/4,2023 3/4,2023 3/4,2023 3/4,2023 3/4,2023 3/4,2023 3/4,2023 3/4,2023 3/4,2023 3/4,2023 3/4,2023 3/4,2023 3/4,2023 3/4,2023 3/4,2023 3/4,2023 3/4,2023 3/4,2023 3/4,2023 3/4,2023 3/4,2023 3/4,2023 3/4,2023 3/4,2023 3/4,2023 3/4,2023 3/4,2023 3/4,2023 3/4,2023 3/4,2023 3/4,2023 3/4,2023 3/4,2023 3/4,2023 3/4,2023 3/4,2023 3/4,2023 3/4,2023 3/4,2023 3/4,2023 3/4,2023 3/4,2023 3/4,2023 3/4,2023 3/4,2023 3/4,2023 3/4,2023 3/4,2023 3/4,2023 3/4,2023 3/4,2023 3/4,2023 3/4,2023 3/4,2023 3/4,2023 3/4,2023 3/4,2023 3/4,2023 3/4,2023 3/4,2023 3/4,2023 3/4,2023 3/4,2023 3/4,2023 3/4,2023 3/4,2023 3/4,2023 3/4,2023 3/4,2023 3/4,2023 3/4,2023 3/4,2023 3/4,2023 3/4,2023 3/4,2023 3/4,2023 3/4,2023 3/4,2023 3/4,2023 3/4,2023 3/4,2023 3/4,2023 3/4,2023 3/4,2023 3/4,2023 3/4,2023 3/4,2023 3/4,2023 3/4,2023 3/4,2023 3/4,2023 3/4,2023 3/4,2023 3/4,2023 3/4,2023 3/4,2023 3/4,2023 3/4,2023 3/4,2023 3/4,2023 3/4,2023 3/4,2023 3/4,2023 3/4,2023 3/4,2023 3/4,2023 3/4,2023 3/4,2023 3/4,2023 3/4,2023 3/4,2023 3/4,2023 3/4,2023 3/4,2023 3/4,2023 3/4
"자치구별(1)",자치구별(2),합계,합계,합계,합계,합계,합계,합계,합계,합계,합계,합계,합계,합계,합계,합계,합계,합계,합계,합계,합계,합계,합계,합계,합계,합계,합계,합계,합계,합계,합계,합계,합계,합계,합계,합계,합계,합계,합계,합계,합계,합계,합계,합계,합계,합계,합계,합계,합계,합계,합계,합계,합계,합계,합계,합계,합계,합계,합계,합계,합계,합계,합계,합계,합계,합계,합계,합계,합계,합계,합계,합계,합계,합계,합계,합계,합계,합계,합계,합계,합계,합계,합계,합계,합계,합계,합계,합계,합계,합계,합계,합계,합계,합계,합계,합계,합계,합계,합계,합계,합계,합계,합계,합계,합계,합계,합계,합계,합계,합계,합계,합계,합계,합계,합계,합계,합계,합계,합계,합계,합계,합계,합계,합계,합계,합계,합계,합계,합계,합계,합계,합계,합계,합계,합계,합계,합계,합계,합계,합계,합계,합계,합계,합계,합계,합계,합계,합계,합계,합계,합계,합계,합계,합계,합계,합계,합계,합계,합계,합계,합계,합계,합계,합계,합계,합계,합계,합계,합계,합계,합계,합계,합계,합계,합계,합계,합계,합계,합계,합계,합계,합계,합계,합계,합계,합계,합계,합계,합계,합계,합계,합계,합계,합계,합계,합계,합계,합계,합계,합계,합계,합계,합계,합계,합계,합계,합계,합계,합계,합계,합계,합계,합계,합계,합계,합계,합계,합계,합계,합계,합계,합계,합계,합계,합계,합계,합계,합계,합계,합계,합계,합계,합계,합계,합계,합계,합계,합계,합계,합계,합계,합계,합계,합계,합계,합계,합계,합계,합계,합계,합계,합계,합계,합계,합계,합계,합계,합계,합계,합계,합계,합계,합계,합계,합계,합계,합계,합계,합계,합계,합계,합계,합계,합계,합계,합계,합계,합계,합계,합계,합계,합계,합계,합계,합계,합계,합계,합계,합계,합계,합계,합계,합계,합계,합계,합계,합계,합계,합계,합계,합계,합계,합계,합계,합계,합계,합계,합계,합계,합계,합계,합계,합계,합계,합계,합계,합계,합계,합계,합계,합계,합계,합계,합계,합계,합계,합계,합계,합계,합계,합계,합계,합계,합계,합계,합계,합계,합계,합계,합계,합계,합계,합계,합계,합계,합계,합계,합계,합계,합계,합계,합계,합계,합계,합계,합계,합계,합계,합계,합계,합계,합계,합계,합계,합계,합계,합계,합계,합계,합계,합계,합계,합계,합계,합계,합계,합계,합계,합계,합계,합계,합계,합계,합계,합계,합계,합계,합계,합계,합계,합계,합계,합계,합계,합계,합계,합계,합계,합계,합계,합계,합계,합계,합계,합계,합계,합계,합계,합계,합계,합계,합계,합계,합계,합계,합계,합계,합계,합계,합계,합계,합계,합계,합계,합계,합계,합계,합계,합계,합계,합계,합계,합계,합계,합계,합계,합계,합계,합계,합계,합계,합계,합계,합계,합계,합계,합계,합계,합계,합계,합계,합계,합계,합계,합계,합계,합계,합계,합계,합계,합계,합계,합계,합계,합계,합계,합계,합계,합계,합계,합계,합계,합계,합계,합계,합계,합계,합계,합계,합계,합계,합계,합계,합계,합계,합계,합계,합계,합계,합계,합계,합계,합계,합계,합계,합계,합계,합계,합계,합계,합계,합계,합계,합계,합계,합계,합계,합계,합계,합계,합계,합계,합계,합계,합계,합계,합계,합계,합계,합계,합계,합계,합계,합계,합계,합계,합계,합계,합계,합계,합계,합계,합계,합계,합계,합계,합계,합계,합계,합계,합계,합계,합계,합계,합계,합계,합계,합계,합계,합계,합계,합계,합계,합계,합계,합계,합계,합계,합계,합계,합계,합계,합계,합계,합계,합계,합계,합계,합계,합계,합계,합계,합계,합계,합계,합계,합계,합계,합계,합계,합계,합계,합계,합계,합계,합계,합계,합계,합계,합계,합계,합계,합계,합계,합계,합계,합계,합계,합계,합계,합계,합계,합계,합계,합계,합계,합계,합계,합계,합계,합계,합계,합계,합계,합계,합계,합계,합계,합계,합계,합계,합계,합계,합계,합계,합계,합계,합계,합계,합계,합계,합계,합계,합계,합계,합계,합계,합계,합계,합계,합계,합계,합계,합계,합계,합계,합계,합계,합계,합계,합계,합계,합계,합계,합계,합계,합계,합계,합계,합계,합계,합계,합계,합계,합계,합계,합계,합계,합계,합계,합계,합계,합계,합계,합계,합계,합계,합계,합계,합계,합계,합계,합계,합계,합계,합계,합계,합계,합계,합계,합계,합계,합계,합계,합계,합계,합계,합계,합계,합계,합계,합계,합계,합계,합계,합계,합계,합계,합계
"자치구별(1)",자치구별(2),한국계 중국인,한국계 중국인,한국계 중국인,중국,중국,중국,미국,미국,미국,타이완,타이완,타이완,일본,일본,일본,베트남,베트남,베트남,몽골,몽골,몽골,필리핀,필리핀,필리핀,캐나다,캐나다,캐나다,인도,인도,인도,우즈베키스탄,우즈베키스탄,우즈베키스탄,영국,영국,영국,프랑스,프랑스,프랑스,타이,타이,타이,러시아(연방),러시아(연방),러시아(연방),독일,독일,독일,오스트레일리아,오스트레일리아,오스트레일리아,네팔,네팔,네팔,파키스탄,파키스탄,파키스탄,인도네시아,인도네시아,인도네시아,나이지리아,나이지리아,나이지리아,말레이시아,말레이시아,말레이시아,방글라데시,방글라데시,방글라데시,캄 보 디 아,캄 보 디 아,캄 보 디 아,사우디아라비아,사우디아라비아,사우디아라비아,홍       콩,홍       콩,홍       콩,뉴질랜드,뉴질랜드,뉴질랜드,카자흐스탄,카자흐스탄,카자흐스탄,스 리 랑 카,스 리 랑 카,스 리 랑 카,남아프리카 공화국,남아프리카 공화국,남아프리카 공화국,미  얀  마,미  얀  마,미  얀  마,싱 가 포 르,싱 가 포 르,싱 가 포 르,이       란,이       란,이       란,브  라  질,브  라  질,브  라  질,아 일 랜 드,아 일 랜 드,아 일 랜 드,스  웨  덴,스  웨  덴,스  웨  덴,이 탈 리 아,이 탈 리 아,이 탈 리 아,터       키,터       키,터       키,네 덜 란 드,네 덜 란 드,네 덜 란 드,키르기스스탄,키르기스스탄,키르기스스탄,멕  시  코,멕  시  코,멕  시  코,스  페  인,스  페  인,스  페  인,우크라이나,우크라이나,우크라이나,스  위  스,스  위  스,스  위  스,핀  란  드,핀  란  드,핀  란  드,가       나,가       나,가       나,벨  기  에,벨  기  에,벨  기  에,폴  란  드,폴  란  드,폴  란  드,이  집  트,이  집  트,이  집  트,오스트리아,오스트리아,오스트리아,수       단,수       단,수       단,아르헨티나,아르헨티나,아르헨티나,오       만,오       만,오       만,이 스 라 엘,이 스 라 엘,이 스 라 엘,페       루,페       루,페       루,덴  마  크,덴  마  크,덴  마  크,모  로  코,모  로  코,모  로  코,이  라  크,이  라  크,이  라  크,기       타,기       타,기       타,한국계 중국인,한국계 중국인,한국계 중국인,중국,중국,중국,미국,미국,미국,타이완,타이완,타이완,일본,일본,일본,베트남,베트남,베트남,몽골,몽골,몽골,필리핀,필리핀,필리핀,캐나다,캐나다,캐나다,인도,인도,인도,우즈베키스탄,우즈베키스탄,우즈베키스탄,영국,영국,영국,프랑스,프랑스,프랑스,타이,타이,타이,러시아(연방),러시아(연방),러시아(연방),독일,독일,독일,오스트레일리아,오스트레일리아,오스트레일리아,네팔,네팔,네팔,파키스탄,파키스탄,파키스탄,인도네시아,인도네시아,인도네시아,나이지리아,나이지리아,나이지리아,말레이시아,말레이시아,말레이시아,방글라데시,방글라데시,방글라데시,캄 보 디 아,캄 보 디 아,캄 보 디 아,사우디아라비아,사우디아라비아,사우디아라비아,홍       콩,홍       콩,홍       콩,뉴질랜드,뉴질랜드,뉴질랜드,카자흐스탄,카자흐스탄,카자흐스탄,스 리 랑 카,스 리 랑 카,스 리 랑 카,남아프리카 공화국,남아프리카 공화국,남아프리카 공화국,미  얀  마,미  얀  마,미  얀  마,싱 가 포 르,싱 가 포 르,싱 가 포 르,이       란,이       란,이       란,브  라  질,브  라  질,브  라  질,아 일 랜 드,아 일 랜 드,아 일 랜 드,스  웨  덴,스  웨  덴,스  웨  덴,이 탈 리 아,이 탈 리 아,이 탈 리 아,터       키,터       키,터       키,네 덜 란 드,네 덜 란 드,네 덜 란 드,키르기스스탄,키르기스스탄,키르기스스탄,멕  시  코,멕  시  코,멕  시  코,스  페  인,스  페  인,스  페  인,우크라이나,우크라이나,우크라이나,스  위  스,스  위  스,스  위  스,핀  란  드,핀  란  드,핀  란  드,가       나,가       나,가       나,벨  기  에,벨  기  에,벨  기  에,폴  란  드,폴  란  드,폴  란  드,이  집  트,이  집  트,이  집  트,오스트리아,오스트리아,오스트리아,수       단,수       단,수       단,아르헨티나,아르헨티나,아르헨티나,오       만,오       만,오       만,이 스 라 엘,이 스 라 엘,이 스 라 엘,페       루,페       루,페       루,덴  마  크,덴  마  크,덴  마  크,모  로  코,모  로  코,모  로  코,이  라  크,이  라  크,이  라  크,기       타,기       타,기       타,한국계 중국인,한국계 중국인,한국계 중국인,중국,중국,중국,미국,미국,미국,타이완,타이완,타이완,일본,일본,일본,베트남,베트남,베트남,몽골,몽골,몽골,필리핀,필리핀,필리핀,캐나다,캐나다,캐나다,인도,인도,인도,우즈베키스탄,우즈베키스탄,우즈베키스탄,영국,영국,영국,프랑스,프랑스,프랑스,타이,타이,타이,러시아(연방),러시아(연방),러시아(연방),독일,독일,독일,오스트레일리아,오스트레일리아,오스트레일리아,네팔,네팔,네팔,파키스탄,파키스탄,파키스탄,인도네시아,인도네시아,인도네시아,나이지리아,나이지리아,나이지리아,말레이시아,말레이시아,말레이시아,방글라데시,방글라데시,방글라데시,캄 보 디 아,캄 보 디 아,캄 보 디 아,사우디아라비아,사우디아라비아,사우디아라비아,홍       콩,홍       콩,홍       콩,뉴질랜드,뉴질랜드,뉴질랜드,카자흐스탄,카자흐스탄,카자흐스탄,스 리 랑 카,스 리 랑 카,스 리 랑 카,남아프리카 공화국,남아프리카 공화국,남아프리카 공화국,미  얀  마,미  얀  마,미  얀  마,싱 가 포 르,싱 가 포 르,싱 가 포 르,이       란,이       란,이       란,브  라  질,브  라  질,브  라  질,아 일 랜 드,아 일 랜 드,아 일 랜 드,스  웨  덴,스  웨  덴,스  웨  덴,이 탈 리 아,이 탈 리 아,이 탈 리 아,터       키,터       키,터       키,네 덜 란 드,네 덜 란 드,네 덜 란 드,키르기스스탄,키르기스스탄,키르기스스탄,멕  시  코,멕  시  코,멕  시  코,스  페  인,스  페  인,스  페  인,우크라이나,우크라이나,우크라이나,스  위  스,스  위  스,스  위  스,핀  란  드,핀  란  드,핀  란  드,가       나,가       나,가       나,벨  기  에,벨  기  에,벨  기  에,폴  란  드,폴  란  드,폴  란  드,이  집  트,이  집  트,이  집  트,오스트리아,오스트리아,오스트리아,수       단,수       단,수       단,아르헨티나,아르헨티나,아르헨티나,오       만,오       만,오       만,이 스 라 엘,이 스 라 엘,이 스 라 엘,페       루,페       루,페       루,덴  마  크,덴  마  크,덴  마  크,모  로  코,모  로  코,모  로  코,이  라  크,이  라  크,이  라  크,기       타,기       타,기       타,한국계 중국인,한국계 중국인,한국계 중국인,중국,중국,중국,미국,미국,미국,타이완,타이완,타이완,일본,일본,일본,베트남,베트남,베트남,몽골,몽골,몽골,필리핀,필리핀,필리핀,캐나다,캐나다,캐나다,인도,인도,인도,우즈베키스탄,우즈베키스탄,우즈베키스탄,영국,영국,영국,프랑스,프랑스,프랑스,타이,타이,타이,러시아(연방),러시아(연방),러시아(연방),독일,독일,독일,오스트레일리아,오스트레일리아,오스트레일리아,네팔,네팔,네팔,파키스탄,파키스탄,파키스탄,인도네시아,인도네시아,인도네시아,나이지리아,나이지리아,나이지리아,말레이시아,말레이시아,말레이시아,방글라데시,방글라데시,방글라데시,캄 보 디 아,캄 보 디 아,캄 보 디 아,사우디아라비아,사우디아라비아,사우디아라비아,홍       콩,홍       콩,홍       콩,뉴질랜드,뉴질랜드,뉴질랜드,카자흐스탄,카자흐스탄,카자흐스탄,스 리 랑 카,스 리 랑 카,스 리 랑 카,남아프리카 공화국,남아프리카 공화국,남아프리카 공화국,미  얀  마,미  얀  마,미  얀  마,싱 가 포 르,싱 가 포 르,싱 가 포 르,이       란,이       란,이       란,브  라  질,브  라  질,브  라  질,아 일 랜 드,아 일 랜 드,아 일 랜 드,스  웨  덴,스  웨  덴,스  웨  덴,이 탈 리 아,이 탈 리 아,이 탈 리 아,터       키,터       키,터       키,네 덜 란 드,네 덜 란 드,네 덜 란 드,키르기스스탄,키르기스스탄,키르기스스탄,멕  시  코,멕  시  코,멕  시  코,스  페  인,스  페  인,스  페  인,우크라이나,우크라이나,우크라이나,스  위  스,스  위  스,스  위  스,핀  란  드,핀  란  드,핀  란  드,가       나,가       나,가       나,벨  기  에,벨  기  에,벨  기  에,폴  란  드,폴  란  드,폴  란  드,이  집  트,이  집  트,이  집  트,오스트리아,오스트리아,오스트리아,수       단,수       단,수       단,아르헨티나,아르헨티나,아르헨티나,오       만,오       만,오       만,이 스 라 엘,이 스 라 엘,이 스 라 엘,페       루,페       루,페       루,덴  마  크,덴  마  크,덴  마  크,모  로  코,모  로  코,모  로  코,이  라  크,이  라  크,이  라  크,기       타,기       타,기       타
"자치구별(1)",자치구별(2),계,남자,여자,계,남자,여자,계,남자,여자,계,남자,여자,계,남자,여자,계,남자,여자,계,남자,여자,계,남자,여자,계,남자,여자,계,남자,여자,계,남자,여자,계,남자,여자,계,남자,여자,계,남자,여자,계,남자,여자,계,남자,여자,계,남자,여자,계,남자,여자,계,남자,여자,계,남자,여자,계,남자,여자,계,남자,여자,계,남자,여자,계,남자,여자,계,남자,여자,계,남자,여자,계,남자,여자,계,남자,여자,계,남자,여자,계,남자,여자,계,남자,여자,계,남자,여자,계,남자,여자,계,남자,여자,계,남자,여자,계,남자,여자,계,남자,여자,계,남자,여자,계,남자,여자,계,남자,여자,계,남자,여자,계,남자,여자,계,남자,여자,계,남자,여자,계,남자,여자,계,남자,여자,계,남자,여자,계,남자,여자,계,남자,여자,계,남자,여자,계,남자,여자,계,남자,여자,계,남자,여자,계,남자,여자,계,남자,여자,계,남자,여자,계,남자,여자,계,남자,여자,계,남자,여자,계,남자,여자,계,남자,여자,계,남자,여자,계,남자,여자,계,남자,여자,계,남자,여자,계,남자,여자,계,남자,여자,계,남자,여자,계,남자,여자,계,남자,여자,계,남자,여자,계,남자,여자,계,남자,여자,계,남자,여자,계,남자,여자,계,남자,여자,계,남자,여자,계,남자,여자,계,남자,여자,계,남자,여자,계,남자,여자,계,남자,여자,계,남자,여자,계,남자,여자,계,남자,여자,계,남자,여자,계,남자,여자,계,남자,여자,계,남자,여자,계,남자,여자,계,남자,여자,계,남자,여자,계,남자,여자,계,남자,여자,계,남자,여자,계,남자,여자,계,남자,여자,계,남자,여자,계,남자,여자,계,남자,여자,계,남자,여자,계,남자,여자,계,남자,여자,계,남자,여자,계,남자,여자,계,남자,여자,계,남자,여자,계,남자,여자,계,남자,여자,계,남자,여자,계,남자,여자,계,남자,여자,계,남자,여자,계,남자,여자,계,남자,여자,계,남자,여자,계,남자,여자,계,남자,여자,계,남자,여자,계,남자,여자,계,남자,여자,계,남자,여자,계,남자,여자,계,남자,여자,계,남자,여자,계,남자,여자,계,남자,여자,계,남자,여자,계,남자,여자,계,남자,여자,계,남자,여자,계,남자,여자,계,남자,여자,계,남자,여자,계,남자,여자,계,남자,여자,계,남자,여자,계,남자,여자,계,남자,여자,계,남자,여자,계,남자,여자,계,남자,여자,계,남자,여자,계,남자,여자,계,남자,여자,계,남자,여자,계,남자,여자,계,남자,여자,계,남자,여자,계,남자,여자,계,남자,여자,계,남자,여자,계,남자,여자,계,남자,여자,계,남자,여자,계,남자,여자,계,남자,여자,계,남자,여자,계,남자,여자,계,남자,여자,계,남자,여자,계,남자,여자,계,남자,여자,계,남자,여자,계,남자,여자,계,남자,여자,계,남자,여자,계,남자,여자,계,남자,여자,계,남자,여자,계,남자,여자,계,남자,여자,계,남자,여자,계,남자,여자,계,남자,여자,계,남자,여자,계,남자,여자,계,남자,여자,계,남자,여자,계,남자,여자,계,남자,여자,계,남자,여자,계,남자,여자,계,남자,여자,계,남자,여자,계,남자,여자,계,남자,여자,계,남자,여자,계,남자,여자,계,남자,여자,계,남자,여자,계,남자,여자,계,남자,여자,계,남자,여자,계,남자,여자,계,남자,여자,계,남자,여자,계,남자,여자,계,남자,여자,계,남자,여자,계,남자,여자,계,남자,여자,계,남자,여자,계,남자,여자,계,남자,여자,계,남자,여자,계,남자,여자,계,남자,여자,계,남자,여자,계,남자,여자,계,남자,여자,계,남자,여자,계,남자,여자,계,남자,여자,계,남자,여자,계,남자,여자,계,남자,여자,계,남자,여자,계,남자,여자,계,남자,여자,계,남자,여자,계,남자,여자,계,남자,여자,계,남자,여자,계,남자,여자,계,남자,여자,계,남자,여자,계,남자,여자,계,남자,여자,계,남자,여자,계,남자,여자,계,남자,여자,계,남자,여자,계,남자,여자,계,남자,여자,계,남자,여자
"합계",종로구,1464,685,779,3180,1022,2158,409,226,183,246,89,157,318,156,162,2083,975,1108,84,30,54,74,20,54,30,19,11,32,19,13,72,48,24,73,54,19,116,72,44,26,7,19,59,17,42,59,31,28,150,82,68,643,417,226,22,15,7,36,16,20,2,2,-,28,10,18,20,13,7,10,2,8,32,21,11,37,7,30,5,4,1,25,8,17,14,9,5,3,2,1,22,12,10,18,10,8,12,8,4,46,26,20,12,6,6,5,3,2,18,15,3,5,-,5,13,8,5,13,5,8,6,4,2,19,10,9,2,-,2,8,6,2,8,-,8,4,4,-,12,8,4,7,4,3,7,3,4,26,13,13,4,2,2,1,1,-,8,3,5,36,17,19,5,3,2,7,5,2,2,2,-,1,1,-,211,110,101,1032,475,557,2555,781,1774,479,252,227,210,78,132,320,155,165,2141,1008,1133,71,27,44,58,12,46,32,20,12,25,16,9,67,46,21,77,54,23,86,62,24,23,6,17,62,22,40,36,18,18,140,77,63,652,426,226,14,11,3,27,9,18,2,2,-,22,8,14,17,10,7,10,1,9,16,10,6,38,4,34,2,2,-,21,8,13,13,6,7,2,1,1,32,10,22,17,10,7,12,8,4,54,29,25,12,7,5,5,2,3,20,15,5,7,-,7,7,4,3,11,4,7,7,5,2,29,17,12,6,2,4,10,9,1,5,2,3,3,3,-,10,6,4,11,5,6,5,3,2,22,12,10,-,-,-,-,-,-,5,2,3,35,19,16,5,2,3,3,2,1,5,2,3,-,-,-,218,108,110,857,393,464,3147,886,2261,835,449,386,252,82,170,355,158,197,2103,1023,1080,79,33,46,65,9,56,40,25,15,32,21,11,73,48,25,88,60,28,140,69,71,33,6,27,73,30,43,58,28,30,161,87,74,661,404,257,22,17,5,34,10,24,1,1,-,19,9,10,7,2,5,10,2,8,9,5,4,46,12,34,8,6,2,28,11,17,10,5,5,5,3,2,72,45,27,22,10,12,6,4,2,60,30,30,15,8,7,15,3,12,26,13,13,9,2,7,18,8,10,8,2,6,24,8,16,32,16,16,6,-,6,21,16,5,24,6,18,5,4,1,11,7,4,11,5,6,7,5,2,21,10,11,-,-,-,-,-,-,7,2,5,39,20,19,4,1,3,5,3,2,9,7,2,-,-,-,293,136,157,849,415,434,3985,1095,2890,986,526,460,273,84,189,378,157,221,2001,971,1030,86,32,54,81,22,59,41,24,17,39,22,17,71,41,30,99,68,31,157,73,84,38,6,32,106,44,62,72,31,41,133,69,64,761,459,302,20,15,5,49,15,34,2,1,1,34,13,21,6,3,3,10,2,8,14,8,6,39,5,34,4,4,-,27,13,14,12,5,7,2,2,-,71,48,23,29,11,18,5,4,1,55,26,29,14,9,5,9,-,9,30,15,15,20,5,15,30,11,19,3,1,2,24,9,15,37,17,20,5,1,4,23,17,6,14,3,11,3,2,1,13,7,6,20,8,12,9,6,3,15,7,8,-,-,-,-,-,-,17,8,9,40,18,22,4,2,2,15,5,10,7,3,4,-,-,-,295,129,166
"합계",중구,1698,875,823,2305,962,1343,277,179,98,540,289,251,207,102,105,1340,618,722,280,113,167,95,25,70,72,42,30,119,79,40,515,254,261,84,52,32,74,52,22,37,6,31,611,302,309,119,66,53,20,12,8,18,13,5,51,41,10,34,20,14,3,2,1,40,22,18,4,3,1,5,2,3,26,20,6,40,14,26,16,12,4,259,136,123,32,21,11,6,3,3,19,12,7,20,7,13,6,5,1,13,9,4,5,4,1,4,2,2,20,10,10,19,8,11,19,13,6,46,23,23,3,2,1,20,13,7,40,25,15,9,5,4,2,-,2,4,4,-,5,3,2,10,3,7,16,11,5,7,3,4,-,-,-,1,-,1,-,-,-,11,5,6,20,9,11,6,5,1,10,4,6,-,-,-,259,145,114,1299,648,651,2179,939,1240,286,182,104,538,272,266,249,124,125,1422,647,775,264,107,157,98,23,75,94,54,40,123,77,46,415,217,198,92,57,35,66,44,22,28,5,23,635,297,338,151,78,73,22,13,9,19,13,6,54,41,13,32,17,15,3,2,1,73,45,28,3,2,1,8,3,5,19,15,4,40,14,26,18,12,6,211,118,93,31,21,10,5,2,3,12,9,3,24,9,15,6,4,2,12,7,5,5,3,2,7,2,5,27,13,14,21,10,11,23,17,6,23,11,12,6,2,4,18,13,5,29,16,13,8,3,5,2,-,2,7,6,1,3,2,1,17,5,12,17,12,5,9,4,5,-,-,-,1,-,1,1,-,1,9,3,6,30,16,14,21,14,7,8,5,3,1,-,1,261,146,115,1141,569,572,2363,993,1370,315,186,129,525,246,279,293,124,169,1485,688,797,279,111,168,90,22,68,109,57,52,132,78,54,371,206,165,111,54,57,138,64,74,47,9,38,684,328,356,195,87,108,28,15,13,18,10,8,37,31,6,36,14,22,3,2,1,59,39,20,5,3,2,9,7,2,26,13,13,56,19,37,22,15,7,223,122,101,37,27,10,5,4,1,29,9,20,36,15,21,9,4,5,13,8,5,8,6,2,25,12,13,42,18,24,26,11,15,29,20,9,23,10,13,10,-,10,34,18,16,48,18,30,12,5,7,13,6,7,10,8,2,14,8,6,24,7,17,19,14,5,15,7,8,-,-,-,3,-,3,4,1,3,10,4,6,30,17,13,31,16,15,13,7,6,-,-,-,423,223,200,1066,537,529,2976,1251,1725,294,173,121,561,253,308,271,115,156,1502,682,820,274,117,157,110,32,78,105,62,43,153,87,66,394,218,176,124,65,59,116,59,57,42,8,34,755,351,404,186,90,96,39,21,18,22,13,9,47,41,6,35,12,23,3,2,1,38,23,15,6,4,2,19,11,8,24,14,10,69,18,51,20,12,8,232,128,104,29,22,7,4,2,2,27,11,16,31,11,20,8,4,4,9,7,2,6,4,2,27,10,17,44,17,27,28,15,13,21,12,9,21,12,9,12,3,9,35,20,15,26,9,17,5,2,3,11,4,7,11,9,2,7,4,3,23,7,16,20,14,6,15,6,9,1,-,1,3,1,2,1,-,1,5,1,4,30,17,13,37,19,18,16,12,4,-,-,-,424,219,205
"합계",용산구,1083,532,551,596,221,375,2536,1461,1075,335,174,161,1211,611,600,296,80,216,157,62,95,608,140,468,217,144,73,412,268,144,163,85,78,285,178,107,282,177,105,182,84,98,219,53,166,370,200,170,132,76,56,40,29,11,366,266,100,91,36,55,517,388,129,1026,745,281,131,84,47,68,24,44,261,153,108,35,16,19,36,28,8,106,42,64,44,24,20,104,53,51,68,27,41,66,31,35,63,40,23,38,19,19,44,30,14,52,31,21,88,52,36,124,95,29,42,26,16,59,18,41,40,20,20,82,43,39,63,26,37,37,22,15,17,9,8,109,79,30,45,25,20,23,9,14,288,263,25,11,7,4,75,48,27,23,12,11,-,-,-,18,7,11,45,20,25,31,18,13,114,74,40,81,46,35,1512,939,573,795,373,422,502,188,314,2550,1451,1099,310,159,151,1119,568,551,274,76,198,148,59,89,600,147,453,214,142,72,411,257,154,164,90,74,284,179,105,265,173,92,180,75,105,191,47,144,388,213,175,125,70,55,27,19,8,376,270,106,65,23,42,525,389,136,636,479,157,133,84,49,83,41,42,263,156,107,42,19,23,36,27,9,102,41,61,35,20,15,93,51,42,80,38,42,61,30,31,72,45,27,39,20,19,44,31,13,58,35,23,89,59,30,116,77,39,33,23,10,65,24,41,48,26,22,78,41,37,65,26,39,35,17,18,16,8,8,105,77,28,45,20,25,20,8,12,249,224,25,8,6,2,81,48,33,25,13,12,-,-,-,22,11,11,54,22,32,41,26,15,100,60,40,71,39,32,1499,914,585,711,332,379,516,188,328,2418,1377,1041,312,152,160,1080,515,565,273,88,185,166,67,99,624,165,459,201,128,73,493,294,199,167,90,77,313,196,117,353,208,145,188,79,109,193,51,142,412,223,189,123,71,52,30,22,8,380,265,115,60,25,35,538,399,139,558,407,151,155,92,63,97,46,51,254,142,112,45,21,24,37,24,13,111,48,63,41,24,17,106,60,46,102,42,60,67,26,41,79,47,32,44,24,20,42,29,13,56,36,20,105,58,47,135,80,55,43,25,18,70,26,44,40,21,19,76,36,40,70,27,43,30,18,12,15,7,8,112,75,37,47,25,22,13,4,9,232,201,31,8,6,2,85,50,35,32,16,16,-,-,-,34,16,18,56,21,35,52,29,23,106,62,44,79,41,38,1674,1013,661,638,295,343,575,200,375,2169,1230,939,315,155,160,1073,489,584,265,82,183,178,68,110,606,154,452,204,123,81,609,379,230,160,85,75,327,198,129,392,216,176,211,107,104,229,65,164,405,199,206,125,74,51,30,18,12,396,266,130,91,39,52,517,388,129,644,469,175,149,93,56,84,39,45,232,131,101,58,28,30,34,21,13,99,40,59,43,25,18,111,65,46,136,60,76,55,23,32,78,44,34,43,20,23,35,25,10,57,36,21,114,65,49,137,88,49,52,26,26,73,31,42,39,21,18,87,42,45,63,29,34,18,10,8,18,9,9,113,76,37,47,21,26,12,4,8,240,203,37,14,7,7,70,40,30,24,14,10,3,2,1,28,13,15,42,15,27,72,42,30,105,57,48,83,45,38,1713,1033,680
"합계",성동구,2014,998,1016,2200,759,1441,201,125,76,160,80,80,146,32,114,958,353,605,252,96,156,173,88,85,42,31,11,78,49,29,80,59,21,35,24,11,22,12,10,47,11,36,35,8,27,42,27,15,15,10,5,42,34,8,102,75,27,64,45,19,8,4,4,36,25,11,39,33,6,24,6,18,6,4,2,20,4,16,7,6,1,9,3,6,9,9,-,7,3,4,24,12,12,9,5,4,8,5,3,5,2,3,2,2,-,3,2,1,11,9,2,14,6,8,2,2,-,9,2,7,6,3,3,11,6,5,11,3,8,7,5,2,1,1,-,11,10,1,4,2,2,3,2,1,6,1,5,-,-,-,1,-,1,-,-,-,1,-,1,-,-,-,1,1,-,1,1,-,5,2,3,-,-,-,75,41,34,1517,738,779,1912,686,1226,199,126,73,138,71,67,191,32,159,957,358,599,211,79,132,161,77,84,37,29,8,98,64,34,68,53,15,38,21,17,24,11,13,49,13,36,38,10,28,38,24,14,22,16,6,30,24,6,87,67,20,67,37,30,8,5,3,55,31,24,34,28,6,21,6,15,7,3,4,19,5,14,7,5,2,9,3,6,8,8,-,8,4,4,34,17,17,14,5,9,7,3,4,8,4,4,2,1,1,3,2,1,12,9,3,18,9,9,4,2,2,6,-,6,4,-,4,11,6,5,8,-,8,5,3,2,2,1,1,11,10,1,5,3,2,4,2,2,4,1,3,-,-,-,1,-,1,-,-,-,1,-,1,1,1,-,1,-,1,-,-,-,6,1,5,2,1,1,88,50,38,1322,648,674,2111,745,1366,240,146,94,142,66,76,265,43,222,948,366,582,220,81,139,167,84,83,45,34,11,111,68,43,66,48,18,42,22,20,58,26,32,48,14,34,41,10,31,73,43,30,22,15,7,39,33,6,68,51,17,84,46,38,11,7,4,76,33,43,39,34,5,22,7,15,3,2,1,24,7,17,9,6,3,14,6,8,7,7,-,11,4,7,39,20,19,12,4,8,8,4,4,16,6,10,4,2,2,14,5,9,26,11,15,18,6,12,19,8,11,9,-,9,5,4,1,15,6,9,7,-,7,7,6,1,3,-,3,10,9,1,5,3,2,5,3,2,3,1,2,3,-,3,1,-,1,1,-,1,-,-,-,1,1,-,1,1,-,4,1,3,10,3,7,1,1,-,116,65,51,1204,599,605,2540,909,1631,223,118,105,151,71,80,310,37,273,977,373,604,227,82,145,163,84,79,41,32,9,126,75,51,102,76,26,44,26,18,59,21,38,54,14,40,60,12,48,62,29,33,21,17,4,53,31,22,96,70,26,84,44,40,16,7,9,97,35,62,41,37,4,18,7,11,7,3,4,29,7,22,10,5,5,17,5,12,4,4,-,14,5,9,53,20,33,14,5,9,8,4,4,10,4,6,2,-,2,10,2,8,15,10,5,19,6,13,4,2,2,11,2,9,3,1,2,19,5,14,6,-,6,5,1,4,3,-,3,9,8,1,6,2,4,2,1,1,5,2,3,3,-,3,-,-,-,1,-,1,1,-,1,2,-,2,-,-,-,4,2,2,11,4,7,2,2,-,99,48,51
"합계",광진구,5385,2746,2639,3874,1259,2615,169,95,74,117,47,70,291,42,249,1411,436,975,867,389,478,103,25,78,42,26,16,151,102,49,340,266,74,31,19,12,38,17,21,40,5,35,42,12,30,27,6,21,15,10,5,127,75,52,138,104,34,61,16,45,2,1,1,66,28,38,77,66,11,15,4,11,-,-,-,31,3,28,5,2,3,52,20,32,8,6,2,4,-,4,39,15,24,10,1,9,36,21,15,8,3,5,8,7,1,5,2,3,15,8,7,11,3,8,3,3,-,12,3,9,6,2,4,9,4,5,11,6,5,3,2,1,4,2,2,-,-,-,2,1,1,3,2,1,5,2,3,6,3,3,1,1,-,4,-,4,-,-,-,-,-,-,1,-,1,3,3,-,10,4,6,2,1,1,113,56,57,4170,2053,2117,3315,1151,2164,163,78,85,127,42,85,303,46,257,1566,477,1089,850,367,483,89,23,66,40,28,12,156,102,54,330,267,63,37,23,14,38,18,20,36,2,34,46,10,36,22,6,16,14,8,6,132,77,55,159,108,51,72,20,52,3,2,1,79,32,47,76,68,8,15,3,12,-,-,-,34,6,28,5,3,2,48,14,34,7,5,2,10,2,8,50,20,30,11,1,10,42,24,18,5,1,4,8,6,2,4,2,2,17,5,12,11,4,7,2,-,2,13,4,9,5,1,4,6,1,5,9,6,3,5,3,2,4,3,1,1,1,-,1,-,1,4,2,2,4,2,2,4,3,1,1,1,-,3,-,3,-,-,-,-,-,-,3,1,2,3,3,-,6,3,3,1,1,-,103,47,56,3686,1844,1842,3576,1244,2332,197,94,103,129,46,83,486,63,423,1664,526,1138,921,399,522,97,27,70,44,29,15,185,124,61,355,277,78,45,29,16,71,22,49,39,1,38,58,12,46,37,12,25,21,11,10,122,70,52,154,106,48,103,36,67,3,2,1,120,48,72,94,75,19,16,4,12,5,3,2,55,10,45,5,2,3,55,15,40,15,14,1,10,1,9,87,35,52,12,1,11,42,23,19,10,3,7,11,5,6,10,3,7,18,7,11,16,5,11,12,4,8,13,4,9,10,4,6,18,7,11,11,5,6,4,2,2,2,-,2,2,2,-,4,1,3,7,2,5,6,2,4,4,3,1,1,1,-,3,-,3,1,-,1,1,-,1,3,1,2,4,2,2,13,4,9,-,-,-,123,51,72,3437,1723,1714,4963,1736,3227,240,109,131,166,49,117,475,64,411,2009,612,1397,1173,494,679,84,26,58,53,33,20,187,113,74,452,356,96,49,25,24,135,51,84,49,2,47,92,17,75,89,26,63,17,9,8,197,102,95,199,132,67,147,58,89,3,3,-,168,57,111,133,103,30,15,5,10,4,1,3,62,8,54,5,2,3,75,25,50,20,19,1,13,2,11,143,40,103,13,-,13,39,22,17,16,3,13,7,2,5,17,9,8,33,7,26,24,7,17,39,17,22,15,4,11,18,4,14,38,11,27,19,4,15,10,4,6,13,3,10,1,1,-,9,4,5,14,2,12,10,4,6,4,1,3,1,1,-,3,-,3,-,-,-,2,-,2,5,1,4,2,-,2,9,2,7,-,-,-,140,52,88
"합계",동대문구,2358,1182,1176,5682,1740,3942,180,83,97,278,94,184,378,51,327,2407,1196,1211,633,248,385,203,75,128,29,21,8,90,60,30,273,184,89,49,30,19,53,15,38,54,8,46,107,34,73,72,22,50,14,9,5,168,111,57,32,22,10,67,19,48,3,3,-,59,14,45,62,45,17,66,39,27,18,14,4,139,29,110,4,4,-,51,16,35,21,15,6,9,4,5,40,17,23,7,1,6,52,22,30,19,3,16,7,2,5,18,3,15,17,3,14,22,8,14,4,3,1,32,7,25,12,3,9,20,8,12,20,4,16,4,4,-,11,6,5,7,7,-,5,-,5,10,2,8,17,11,6,4,1,3,2,1,1,2,1,1,-,-,-,2,1,1,7,1,6,4,1,3,12,2,10,12,7,5,335,169,166,1850,891,959,5282,1609,3673,203,86,117,269,91,178,450,42,408,2588,1260,1328,573,213,360,194,72,122,34,26,8,91,61,30,303,215,88,50,30,20,36,16,20,74,9,65,129,28,101,61,15,46,17,9,8,261,187,74,29,22,7,84,25,59,4,4,-,75,21,54,45,31,14,70,41,29,12,8,4,147,23,124,3,3,-,59,14,45,22,15,7,8,3,5,59,24,35,11,2,9,52,20,32,22,8,14,4,1,3,15,4,11,23,7,16,30,5,25,5,3,2,33,5,28,14,2,12,13,5,8,18,2,16,5,1,4,8,6,2,9,7,2,10,2,8,8,3,5,20,13,7,3,1,2,2,1,1,1,1,-,-,-,-,2,1,1,7,1,6,4,1,3,10,1,9,17,9,8,352,174,178,1695,817,878,6127,1770,4357,278,104,174,332,87,245,633,43,590,2845,1331,1514,602,233,369,201,76,125,48,28,20,132,82,50,302,205,97,92,47,45,145,38,107,98,14,84,172,33,139,169,48,121,17,7,10,290,205,85,33,24,9,145,41,104,7,6,1,106,30,76,49,33,16,68,38,30,9,5,4,166,18,148,8,7,1,79,16,63,22,17,5,14,5,9,64,22,42,27,4,23,57,21,36,21,4,17,13,2,11,34,9,25,49,14,35,70,9,61,49,22,27,36,9,27,42,9,33,49,15,34,22,2,20,13,8,5,29,10,19,8,5,3,14,3,11,39,4,35,23,12,11,13,4,9,4,2,2,2,1,1,-,-,-,4,3,1,13,4,9,19,7,12,20,4,16,19,11,8,438,191,247,1594,797,797,7678,2313,5365,271,107,164,399,86,313,724,62,662,2990,1385,1605,683,263,420,190,71,119,51,35,16,164,85,79,338,220,118,66,30,36,120,31,89,91,10,81,168,37,131,158,65,93,25,10,15,291,194,97,34,24,10,116,39,77,9,6,3,124,32,92,61,41,20,72,40,32,9,3,6,176,31,145,9,6,3,88,18,70,17,13,4,30,7,23,121,53,68,46,9,37,52,20,32,24,7,17,3,1,2,25,4,21,30,8,22,47,10,37,29,13,16,48,14,34,41,5,36,37,8,29,20,2,18,12,6,6,27,9,18,12,7,5,9,3,6,17,2,15,20,8,12,7,3,4,4,2,2,5,3,2,-,-,-,5,2,3,15,5,10,10,5,5,19,1,18,22,13,9,422,184,238
"합계",중랑구,1565,768,797,637,200,437,58,34,24,68,32,36,133,13,120,650,204,446,1300,556,744,142,30,112,19,12,7,6,5,1,60,26,34,18,11,7,10,5,5,46,-,46,25,3,22,6,5,1,10,7,3,25,17,8,6,4,2,12,2,10,-,-,-,8,3,5,30,27,3,25,-,25,2,1,1,12,3,9,-,-,-,21,9,12,2,2,-,6,3,3,7,5,2,3,1,2,11,9,2,3,-,3,2,2,-,2,2,-,5,2,3,7,5,2,1,1,-,10,3,7,3,1,2,1,1,-,1,-,1,4,3,1,1,-,1,-,-,-,1,-,1,2,-,2,3,-,3,-,-,-,-,-,-,-,-,-,-,-,-,-,-,-,2,2,-,1,-,1,1,1,-,-,-,-,19,11,8,1248,582,666,596,186,410,64,37,27,77,36,41,135,11,124,624,198,426,1260,545,715,134,29,105,19,10,9,6,4,2,49,19,30,26,14,12,9,5,4,51,2,49,24,3,21,3,3,-,7,6,1,21,14,7,11,8,3,16,2,14,2,2,-,7,3,4,34,30,4,21,-,21,3,1,2,11,2,9,-,-,-,18,7,11,2,2,-,6,3,3,8,5,3,5,2,3,9,8,1,5,-,5,5,5,-,3,2,1,5,2,3,7,6,1,2,1,1,9,3,6,3,1,2,3,2,1,1,1,-,3,3,-,1,-,1,-,-,-,2,-,2,3,-,3,4,1,3,-,-,-,-,-,-,-,-,-,-,-,-,-,-,-,2,2,-,1,-,1,5,2,3,-,-,-,25,10,15,1168,544,624,604,183,421,68,36,32,80,34,46,163,13,150,678,225,453,1341,575,766,131,26,105,18,11,7,10,6,4,40,15,25,25,15,10,10,4,6,57,4,53,29,3,26,7,5,2,6,5,1,24,15,9,10,7,3,16,2,14,2,2,-,6,3,3,40,33,7,18,1,17,-,-,-,22,3,19,-,-,-,13,7,6,3,3,-,5,3,2,9,6,3,4,2,2,9,8,1,7,1,6,5,4,1,3,2,1,5,3,2,8,6,2,3,2,1,7,3,4,5,1,4,4,2,2,1,-,1,4,4,-,-,-,-,-,-,-,2,-,2,4,-,4,3,2,1,-,-,-,-,-,-,2,1,1,-,-,-,-,-,-,2,2,-,1,-,1,5,1,4,-,-,-,33,11,22,1121,522,599,724,237,487,72,35,37,83,32,51,160,13,147,741,258,483,1536,663,873,142,29,113,23,12,11,4,3,1,52,22,30,24,15,9,15,7,8,63,5,58,30,3,27,4,3,1,8,7,1,34,21,13,10,7,3,9,2,7,1,1,-,9,4,5,52,42,10,26,4,22,-,-,-,20,-,20,-,-,-,17,9,8,7,6,1,5,2,3,17,10,7,4,1,3,12,9,3,8,1,7,5,4,1,2,1,1,7,4,3,9,5,4,4,3,1,11,2,9,6,1,5,1,-,1,-,-,-,4,4,-,-,-,-,1,1,-,1,-,1,4,-,4,2,2,-,-,-,-,-,-,-,2,1,1,-,-,-,-,-,-,2,1,1,1,-,1,8,1,7,-,-,-,40,15,25
"합계",성북구,1002,516,486,3811,1267,2544,263,140,123,250,108,142,262,46,216,1386,518,868,817,297,520,232,64,168,52,33,19,141,89,52,221,152,69,53,37,16,38,15,23,46,9,37,103,26,77,67,34,33,21,11,10,71,38,33,112,81,31,99,38,61,12,6,6,64,34,30,77,49,28,28,11,17,35,25,10,41,5,36,5,5,-,91,24,67,14,7,7,13,7,6,30,9,21,21,8,13,26,12,14,15,7,8,14,9,5,15,5,10,17,5,12,28,11,17,8,3,5,19,7,12,17,3,14,6,4,2,25,11,14,11,7,4,7,3,4,7,3,4,4,1,3,5,-,5,19,11,8,8,5,3,-,-,-,5,-,5,10,8,2,1,-,1,18,5,13,11,4,7,17,7,10,2,2,-,359,162,197,761,361,400,2982,961,2021,305,145,160,233,106,127,271,40,231,1370,512,858,737,271,466,239,59,180,50,32,18,139,87,52,230,158,72,57,34,23,28,15,13,46,9,37,118,24,94,45,23,22,18,10,8,71,35,36,98,68,30,105,40,65,10,6,4,71,25,46,67,39,28,26,7,19,24,13,11,39,4,35,7,7,-,91,22,69,23,8,15,18,10,8,48,19,29,23,11,12,33,9,24,14,6,8,14,8,6,11,6,5,20,10,10,39,14,25,12,2,10,30,13,17,21,3,18,12,8,4,32,10,22,11,7,4,10,3,7,6,5,1,4,1,3,5,-,5,19,7,12,9,5,4,-,-,-,4,-,4,11,8,3,3,1,2,13,5,8,8,2,6,21,9,12,3,2,1,374,172,202,726,355,371,3319,1110,2209,465,183,282,261,105,156,369,46,323,1647,594,1053,1003,361,642,251,63,188,62,39,23,191,108,83,207,148,59,80,41,39,97,34,63,57,7,50,145,24,121,73,35,38,24,11,13,68,34,34,101,66,35,196,64,132,8,4,4,98,24,74,79,50,29,38,12,26,12,4,8,60,7,53,6,5,1,85,20,65,28,10,18,22,13,9,123,44,79,27,12,15,31,13,18,13,2,11,19,12,7,17,6,11,36,14,22,51,19,32,21,11,10,35,18,17,19,4,15,27,9,18,33,9,24,16,7,9,14,5,9,6,4,2,9,5,4,5,1,4,14,5,9,11,4,7,1,1,-,1,-,1,12,8,4,4,-,4,19,6,13,7,2,5,22,8,14,2,2,-,396,187,209,682,339,343,4274,1400,2874,524,222,302,289,107,182,423,53,370,1708,603,1105,1196,419,777,280,73,207,81,48,33,188,103,85,219,159,60,84,40,44,144,40,104,67,15,52,158,21,137,114,54,60,44,17,27,91,45,46,114,74,40,161,63,98,12,7,5,110,29,81,73,46,27,33,9,24,10,5,5,63,10,53,7,4,3,113,20,93,29,11,18,23,12,11,165,57,108,27,11,16,27,8,19,13,9,4,15,9,6,16,7,9,53,22,31,52,18,34,31,13,18,38,15,23,30,8,22,26,11,15,24,7,17,13,5,8,18,9,9,6,3,3,15,9,6,14,3,11,13,5,8,13,7,6,3,2,1,1,-,1,9,6,3,3,-,3,22,8,14,13,4,9,23,9,14,-,-,-,421,184,237
"합계",강북구,1020,475,545,697,216,481,78,50,28,101,45,56,114,7,107,562,156,406,394,146,248,92,15,77,12,11,1,10,9,1,86,57,29,19,12,7,17,9,8,48,5,43,26,8,18,2,1,1,2,1,1,21,9,12,26,20,6,10,3,7,-,-,-,4,1,3,6,4,2,22,1,21,9,6,3,16,-,16,3,3,-,22,3,19,2,1,1,8,2,6,-,-,-,-,-,-,11,8,3,4,-,4,3,3,-,2,1,1,2,-,2,17,16,1,3,2,1,9,1,8,1,-,1,12,6,6,6,2,4,1,1,-,1,1,-,2,1,1,-,-,-,3,2,1,-,-,-,1,-,1,-,-,-,1,1,-,-,-,-,1,1,-,1,-,1,-,-,-,3,1,2,-,-,-,41,18,23,841,398,443,608,187,421,78,50,28,102,45,57,106,6,100,611,181,430,411,137,274,95,15,80,15,14,1,5,5,-,83,56,27,19,12,7,18,11,7,52,3,49,28,10,18,2,1,1,1,1,-,22,12,10,30,22,8,16,5,11,-,-,-,4,2,2,4,3,1,22,2,20,4,2,2,20,3,17,3,3,-,17,3,14,3,1,2,8,3,5,10,9,1,-,-,-,11,7,4,4,-,4,5,5,-,2,2,-,1,-,1,18,13,5,2,1,1,7,1,6,1,1,-,11,5,6,10,4,6,2,2,-,1,1,-,-,-,-,1,-,1,1,1,-,5,1,4,1,-,1,-,-,-,2,1,1,-,-,-,1,1,-,-,-,-,-,-,-,3,2,1,-,-,-,43,18,25,770,358,412,669,192,477,88,47,41,106,43,63,140,7,133,662,195,467,524,185,339,97,19,78,14,13,1,9,7,2,104,69,35,23,11,12,28,12,16,61,8,53,32,5,27,15,5,10,1,1,-,17,7,10,43,31,12,23,7,16,-,-,-,5,4,1,10,6,4,41,20,21,1,1,-,17,-,17,6,6,-,18,3,15,2,1,1,9,5,4,17,7,10,5,1,4,7,5,2,4,-,4,3,3,-,3,2,1,6,1,5,31,22,9,1,1,-,10,3,7,1,-,1,14,7,7,12,6,6,4,4,-,3,1,2,-,-,-,2,1,1,5,1,4,4,-,4,4,3,1,-,-,-,2,1,1,-,-,-,1,1,-,2,-,2,-,-,-,6,3,3,-,-,-,64,22,42,758,360,398,1002,264,738,97,51,46,127,51,76,163,8,155,801,238,563,730,243,487,99,21,78,15,13,2,12,9,3,129,79,50,16,7,9,39,17,22,105,43,62,48,6,42,15,4,11,1,1,-,35,16,19,42,30,12,29,5,24,-,-,-,6,2,4,10,6,4,25,5,20,29,14,15,22,-,22,5,5,-,27,7,20,4,2,2,6,3,3,30,11,19,6,1,5,13,8,5,5,1,4,3,3,-,4,2,2,1,1,-,31,22,9,2,1,1,10,2,8,4,-,4,16,7,9,19,8,11,4,2,2,-,-,-,1,-,1,2,1,1,7,3,4,2,1,1,2,1,1,1,1,-,2,1,1,-,-,-,2,1,1,1,-,1,-,-,-,6,1,5,-,-,-,78,24,54
"합계",도봉구,442,212,230,384,104,280,74,39,35,32,18,14,102,18,84,324,85,239,173,70,103,163,49,114,11,7,4,2,1,1,35,21,14,16,8,8,11,7,4,39,14,25,11,2,9,5,3,2,5,2,3,34,27,7,39,34,5,6,3,3,8,7,1,1,-,1,6,5,1,37,19,18,-,-,-,7,1,6,1,-,1,6,2,4,-,-,-,6,1,5,24,21,3,-,-,-,1,1,-,1,1,-,1,1,-,-,-,-,-,-,-,1,1,-,-,-,-,2,1,1,4,-,4,1,-,1,2,1,1,-,-,-,-,-,-,1,1,-,1,1,-,-,-,-,2,2,-,-,-,-,1,-,1,2,1,1,-,-,-,-,-,-,2,1,1,-,-,-,5,2,3,-,-,-,21,9,12,371,163,208,322,90,232,80,40,40,40,20,20,104,15,89,333,81,252,192,72,120,167,49,118,12,7,5,2,-,2,42,31,11,20,12,8,17,10,7,27,3,24,17,3,14,10,3,7,4,2,2,33,24,9,33,29,4,5,3,2,8,7,1,2,-,2,8,7,1,27,12,15,-,-,-,6,-,6,1,-,1,5,1,4,-,-,-,3,1,2,18,15,3,7,4,3,1,1,-,2,2,-,1,1,-,1,-,1,1,1,-,5,1,4,1,1,-,4,1,3,8,1,7,3,1,2,-,-,-,1,1,-,-,-,-,-,-,-,-,-,-,2,-,2,2,2,-,1,-,1,1,-,1,2,1,1,1,-,1,-,-,-,4,1,3,-,-,-,7,4,3,-,-,-,29,13,16,350,157,193,306,84,222,83,39,44,47,20,27,120,16,104,366,87,279,212,83,129,169,51,118,15,11,4,4,2,2,31,20,11,28,16,12,13,7,6,37,5,32,21,3,18,5,2,3,4,2,2,27,18,9,31,28,3,9,2,7,8,7,1,4,-,4,7,6,1,27,13,14,-,-,-,9,-,9,1,-,1,8,2,6,2,2,-,10,6,4,37,20,17,6,3,3,7,4,3,5,2,3,1,1,-,1,-,1,2,2,-,3,-,3,2,2,-,6,1,5,8,1,7,2,1,1,3,-,3,-,-,-,-,-,-,1,1,-,-,-,-,1,-,1,2,1,1,-,-,-,-,-,-,2,1,1,-,-,-,-,-,-,6,1,5,-,-,-,3,2,1,-,-,-,44,18,26,337,159,178,377,99,278,83,40,43,45,18,27,138,18,120,433,100,333,280,106,174,169,51,118,17,10,7,4,1,3,65,21,44,26,15,11,13,9,4,46,12,34,34,6,28,7,3,4,5,3,2,33,20,13,34,28,6,11,3,8,7,6,1,11,1,10,6,5,1,30,12,18,-,-,-,12,2,10,1,-,1,7,1,6,1,-,1,6,2,4,53,24,29,2,2,-,7,4,3,2,1,1,1,1,-,-,-,-,2,2,-,9,1,8,1,1,-,7,-,7,3,1,2,2,2,-,2,-,2,-,-,-,-,-,-,1,-,1,-,-,-,-,-,-,1,1,-,1,-,1,-,-,-,2,1,1,-,-,-,-,-,-,1,1,-,-,-,-,4,4,-,-,-,-,54,26,28
"합계",노원구,516,240,276,864,377,487,183,100,83,82,31,51,182,18,164,1028,451,577,322,146,176,85,23,62,46,37,9,44,28,16,116,86,30,27,21,6,17,12,5,38,9,29,39,6,33,12,8,4,7,6,1,33,22,11,21,8,13,47,28,19,6,6,-,5,-,5,26,20,6,21,7,14,6,6,-,12,4,8,7,5,2,31,13,18,1,1,-,19,10,9,49,8,41,4,1,3,20,4,16,8,4,4,8,6,2,-,-,-,6,6,-,10,4,6,2,2,-,8,4,4,7,3,4,4,3,1,3,2,1,-,-,-,1,1,-,2,2,-,3,2,1,1,1,-,6,4,2,-,-,-,-,-,-,-,-,-,-,-,-,-,-,-,2,2,-,1,-,1,6,-,6,1,-,1,51,33,18,464,220,244,757,332,425,209,109,100,80,31,49,188,20,168,1081,467,614,308,150,158,78,23,55,46,36,10,58,33,25,91,64,27,36,29,7,17,12,5,45,8,37,40,10,30,24,14,10,7,7,-,39,23,16,26,11,15,34,20,14,5,5,-,6,1,5,23,16,7,20,5,15,9,9,-,10,4,6,5,4,1,27,10,17,1,1,-,18,9,9,64,17,47,3,1,2,22,5,17,5,2,3,7,5,2,1,1,-,4,4,-,11,3,8,3,3,-,6,2,4,9,4,5,7,5,2,6,4,2,2,2,-,4,3,1,4,4,-,3,1,2,-,-,-,6,4,2,-,-,-,-,-,-,-,-,-,-,-,-,-,-,-,3,1,2,1,1,-,7,-,7,5,2,3,50,33,17,420,199,221,764,341,423,213,114,99,85,32,53,245,21,224,1053,457,596,336,156,180,76,17,59,42,32,10,79,47,32,75,51,24,33,25,8,35,18,17,85,48,37,60,9,51,22,9,13,9,8,1,30,16,14,31,14,17,36,17,19,9,9,-,11,4,7,22,15,7,29,12,17,6,6,-,14,4,10,4,3,1,21,5,16,2,1,1,11,3,8,102,27,75,4,2,2,24,5,19,7,3,4,7,4,3,3,2,1,5,4,1,13,5,8,2,-,2,14,6,8,8,3,5,5,5,-,6,-,6,1,-,1,9,6,3,4,4,-,4,2,2,4,-,4,10,5,5,3,1,2,-,-,-,-,-,-,-,-,-,-,-,-,6,2,4,4,1,3,6,-,6,4,2,2,70,47,23,402,187,215,828,345,483,205,101,104,73,30,43,237,18,219,1167,477,690,348,164,184,87,17,70,39,27,12,84,49,35,82,55,27,32,19,13,16,8,8,118,79,39,83,16,67,11,8,3,12,11,1,37,22,15,42,17,25,29,15,14,11,10,1,12,5,7,20,11,9,35,20,15,6,6,-,14,2,12,4,3,1,21,4,17,3,1,2,13,7,6,146,39,107,2,-,2,30,7,23,5,1,4,3,3,-,1,1,-,5,4,1,11,5,6,-,-,-,19,10,9,8,3,5,8,5,3,9,2,7,1,-,1,3,1,2,6,6,-,4,1,3,3,1,2,10,5,5,-,-,-,-,-,-,-,-,-,-,-,-,1,1,-,5,2,3,1,1,-,4,1,3,4,2,2,74,40,34
"합계",은평구,1115,531,584,765,271,494,150,98,52,532,273,259,368,88,280,526,118,408,58,18,40,100,21,79,41,24,17,34,20,14,72,34,38,38,27,11,24,13,11,62,5,57,37,9,28,12,8,4,14,11,3,12,9,3,8,8,-,28,8,20,5,5,-,27,5,22,9,8,1,38,14,24,8,5,3,45,18,27,8,4,4,10,4,6,5,5,-,14,11,3,6,2,4,4,3,1,5,4,1,5,3,2,4,3,1,1,-,1,4,2,2,3,1,2,4,3,1,5,1,4,4,4,-,3,2,1,4,1,3,2,2,-,1,-,1,3,2,1,2,1,1,3,-,3,10,6,4,-,-,-,-,-,-,-,-,-,-,-,-,-,-,-,1,-,1,2,-,2,6,-,6,1,-,1,48,27,21,921,441,480,710,244,466,145,87,58,506,266,240,353,80,273,452,104,348,57,20,37,95,18,77,34,19,15,34,21,13,68,34,34,39,27,12,26,15,11,52,4,48,36,8,28,11,10,1,12,8,4,13,10,3,11,9,2,28,9,19,4,4,-,22,7,15,7,7,-,27,11,16,5,3,2,42,15,27,6,5,1,9,3,6,4,4,-,11,9,2,24,20,4,4,3,1,4,3,1,5,3,2,4,3,1,3,2,1,5,3,2,2,1,1,7,7,-,5,1,4,5,5,-,5,2,3,5,-,5,4,4,-,1,-,1,2,1,1,2,1,1,3,-,3,8,4,4,1,-,1,-,-,-,1,-,1,-,-,-,1,-,1,-,-,-,1,1,-,7,-,7,1,-,1,49,28,21,828,401,427,669,223,446,161,91,70,487,257,230,343,75,268,455,120,335,62,17,45,107,22,85,36,23,13,40,24,16,51,20,31,48,32,16,34,16,18,59,5,54,46,8,38,14,11,3,13,7,6,12,9,3,11,9,2,27,9,18,6,5,1,25,9,16,6,6,-,27,11,16,6,4,2,44,14,30,6,5,1,10,3,7,2,2,-,14,11,3,26,20,6,6,5,1,4,4,-,6,4,2,8,6,2,2,1,1,7,6,1,2,1,1,10,9,1,5,2,3,6,5,1,4,3,1,5,1,4,4,4,-,2,1,1,2,1,1,1,-,1,3,-,3,16,9,7,-,-,-,-,-,-,-,-,-,-,-,-,-,-,-,-,-,-,3,3,-,9,-,9,1,-,1,54,34,20,816,393,423,718,238,480,164,91,73,487,239,248,364,73,291,492,119,373,72,27,45,108,27,81,36,21,15,56,35,21,56,22,34,45,33,12,41,17,24,75,18,57,54,11,43,19,12,7,16,11,5,11,8,3,11,9,2,26,9,17,5,4,1,33,12,21,8,7,1,36,18,18,10,7,3,48,12,36,6,4,2,11,4,7,2,1,1,20,10,10,23,15,8,7,4,3,6,5,1,6,2,4,7,6,1,4,3,1,6,4,2,6,1,5,12,9,3,7,2,5,6,4,2,10,6,4,7,1,6,6,4,2,2,1,1,2,1,1,3,2,1,3,-,3,12,7,5,1,-,1,-,-,-,1,1,-,-,-,-,-,-,-,-,-,-,4,2,2,7,-,7,1,-,1,62,36,26
"합계",서대문구,831,390,441,3421,893,2528,496,265,231,2075,1030,1045,432,80,352,1078,254,824,110,29,81,117,27,90,90,48,42,150,96,54,76,44,32,125,70,55,122,45,77,145,11,134,103,21,82,57,36,21,45,23,22,31,17,14,29,24,5,68,12,56,3,1,2,71,19,52,11,5,6,44,15,29,20,10,10,172,36,136,17,9,8,49,14,35,8,4,4,15,8,7,35,9,26,32,8,24,33,13,20,23,8,15,6,5,1,21,13,8,36,14,22,15,3,12,21,11,10,23,5,18,16,7,9,24,13,11,18,6,12,11,6,5,4,3,1,8,6,2,13,5,8,19,4,15,6,3,3,2,-,2,5,1,4,3,1,2,2,-,2,5,3,2,7,2,5,5,3,2,16,8,8,3,1,2,225,73,152,641,302,339,2977,820,2157,574,278,296,1888,941,947,444,73,371,1256,355,901,106,32,74,110,23,87,96,53,43,163,94,69,75,41,34,159,83,76,125,59,66,121,8,113,103,25,78,56,28,28,44,23,21,27,17,10,29,24,5,93,18,75,1,-,1,71,17,54,10,3,7,44,17,27,27,16,11,164,28,136,11,5,6,48,12,36,8,4,4,17,9,8,74,31,43,39,9,30,36,17,19,25,8,17,8,6,2,29,14,15,35,12,23,22,7,15,26,12,14,17,2,15,22,6,16,24,14,10,17,5,12,18,7,11,8,3,5,6,6,-,11,5,6,12,2,10,8,3,5,5,3,2,5,1,4,3,1,2,1,-,1,3,1,2,8,4,4,3,2,1,8,3,5,3,1,2,202,76,126,601,273,328,3412,921,2491,773,345,428,1834,913,921,652,77,575,1481,405,1076,145,52,93,111,22,89,113,56,57,183,99,84,74,44,30,160,84,76,252,86,166,194,21,173,111,21,90,146,54,92,59,27,32,37,24,13,26,23,3,124,23,101,4,3,1,87,18,69,15,5,10,42,14,28,34,15,19,179,30,149,12,6,6,72,17,55,10,3,7,20,11,9,84,26,58,49,13,36,46,21,25,28,7,21,12,7,5,30,12,18,50,16,34,28,8,20,53,18,35,18,2,16,32,12,20,84,33,51,18,6,12,15,2,13,11,3,8,8,6,2,28,10,18,22,6,16,19,7,12,5,3,2,7,2,5,2,1,1,14,9,5,5,2,3,9,5,4,15,5,10,18,-,18,3,-,3,334,118,216,553,238,315,4581,1225,3356,756,327,429,1848,882,966,821,86,735,1551,414,1137,161,50,111,140,25,115,122,61,61,195,87,108,73,41,32,190,94,96,360,130,230,194,14,180,126,23,103,180,49,131,79,28,51,38,22,16,38,26,12,165,23,142,7,3,4,96,13,83,17,7,10,45,16,29,12,4,8,205,39,166,15,9,6,90,20,70,11,5,6,22,13,9,132,34,98,49,13,36,48,15,33,37,8,29,12,6,6,29,6,23,66,18,48,35,10,25,53,18,35,29,4,25,47,10,37,80,32,48,18,4,14,28,9,19,21,5,16,10,9,1,33,9,24,23,7,16,15,5,10,11,3,8,9,3,6,9,3,6,-,-,-,7,2,5,10,3,7,23,7,16,26,4,22,3,-,3,384,111,273
"합계",마포구,1125,535,590,2883,798,2085,1001,463,538,1249,594,655,855,355,500,498,125,373,56,17,39,87,20,67,91,65,26,93,57,36,35,18,17,150,98,52,185,84,101,135,30,105,123,29,94,85,36,49,60,29,31,56,36,20,31,22,9,92,23,69,3,2,1,70,24,46,23,14,9,32,9,23,45,29,16,201,35,166,15,12,3,25,2,23,15,12,3,14,6,8,10,1,9,26,10,16,21,10,11,21,8,13,20,14,6,25,10,15,48,21,27,14,6,8,39,19,20,7,3,4,27,17,10,32,14,18,12,4,8,16,9,7,5,3,2,5,5,-,15,8,7,13,4,9,39,38,1,14,4,10,-,-,-,2,2,-,1,1,-,5,1,4,5,1,4,7,4,3,39,25,14,1,-,1,184,67,117,896,423,473,2382,693,1689,1226,506,720,1175,559,616,912,361,551,490,130,360,65,19,46,74,17,57,104,69,35,114,63,51,36,17,19,162,94,68,184,77,107,121,33,88,139,38,101,147,65,82,61,32,29,50,29,21,35,24,11,102,31,71,5,2,3,55,18,37,21,11,10,27,5,22,32,20,12,176,36,140,10,9,1,40,10,30,15,11,4,14,6,8,22,7,15,28,11,17,18,7,11,21,6,15,22,14,8,30,11,19,49,25,24,34,11,23,46,26,20,6,2,4,27,13,14,51,22,29,13,6,7,21,14,7,10,4,6,4,3,1,25,10,15,17,6,11,33,30,3,13,3,10,1,-,1,1,1,-,-,-,-,5,2,3,3,1,2,8,4,4,27,17,10,2,-,2,215,78,137,771,364,407,2575,731,1844,1279,491,788,1106,521,585,1046,383,663,542,149,393,65,18,47,84,18,66,117,74,43,140,74,66,37,17,20,154,91,63,428,143,285,204,35,169,144,32,112,206,71,135,57,32,25,43,25,18,31,21,10,129,34,95,4,3,1,64,17,47,21,11,10,33,8,25,94,51,43,194,33,161,18,15,3,41,8,33,15,11,4,20,8,12,33,8,25,46,18,28,27,12,15,27,8,19,20,10,10,43,11,32,73,22,51,39,15,24,85,36,49,16,-,16,39,17,22,147,61,86,21,8,13,36,22,14,17,3,14,4,4,-,40,14,26,23,7,16,32,23,9,12,4,8,1,1,-,2,-,2,-,-,-,5,1,4,7,2,5,16,7,9,37,19,18,4,1,3,282,87,195,711,353,358,3249,973,2276,1230,491,739,1110,491,619,1141,386,755,659,183,476,78,28,50,102,26,76,103,62,41,152,76,76,37,19,18,154,86,68,409,151,258,194,33,161,179,39,140,172,70,102,58,26,32,37,22,15,25,13,12,115,23,92,3,2,1,66,14,52,19,9,10,34,11,23,96,47,49,181,31,150,24,16,8,45,9,36,12,8,4,26,12,14,32,8,24,54,15,39,25,12,13,36,10,26,22,13,9,41,10,31,70,20,50,30,14,16,73,28,45,12,-,12,35,18,17,77,30,47,17,7,10,20,8,12,9,5,4,3,3,-,29,11,18,27,7,20,21,16,5,13,3,10,1,1,-,2,-,2,1,-,1,1,1,-,8,3,5,15,7,8,27,13,14,2,-,2,258,74,184
"합계",양천구,1677,893,784,652,232,420,129,66,63,183,101,82,122,12,110,268,62,206,74,26,48,115,26,89,29,16,13,7,2,5,51,32,19,23,14,9,10,7,3,69,32,37,80,32,48,3,1,2,9,6,3,6,3,3,15,12,3,12,7,5,1,1,-,10,3,7,6,5,1,27,12,15,-,-,-,15,3,12,3,2,1,87,25,62,-,-,-,4,2,2,21,17,4,1,-,1,3,1,2,5,2,3,6,4,2,3,2,1,1,1,-,3,1,2,3,2,1,3,-,3,3,2,1,1,-,1,3,1,2,-,-,-,-,-,-,-,-,-,-,-,-,4,-,4,31,28,3,1,-,1,-,-,-,-,-,-,-,-,-,-,-,-,3,1,2,1,-,1,9,4,5,-,-,-,16,6,10,1361,689,672,558,191,367,143,68,75,182,96,86,132,14,118,240,46,194,77,29,48,103,21,82,25,14,11,10,4,6,38,21,17,24,11,13,15,11,4,46,13,33,43,17,26,4,2,2,11,6,5,6,2,4,13,10,3,16,8,8,1,1,-,7,3,4,4,4,-,22,7,15,-,-,-,15,3,12,5,3,2,34,12,22,-,-,-,3,1,2,12,7,5,1,-,1,3,1,2,3,2,1,8,6,2,4,3,1,1,1,-,4,2,2,3,2,1,2,-,2,3,1,2,2,1,1,4,1,3,1,-,1,-,-,-,-,-,-,-,-,-,4,-,4,9,7,2,2,1,1,-,-,-,1,1,-,-,-,-,-,-,-,4,2,2,1,-,1,12,4,8,-,-,-,23,10,13,1237,613,624,511,173,338,163,73,90,158,85,73,136,14,122,239,55,184,77,33,44,108,21,87,36,18,18,11,4,7,40,21,19,40,18,22,16,11,5,35,5,30,36,16,20,5,-,5,14,8,6,4,-,4,15,12,3,15,7,8,2,1,1,8,3,5,2,2,-,23,7,16,-,-,-,17,3,14,5,3,2,43,27,16,-,-,-,11,7,4,12,5,7,2,-,2,2,1,1,2,2,-,8,6,2,4,3,1,1,1,-,3,1,2,4,2,2,2,-,2,3,1,2,4,3,1,4,-,4,1,-,1,-,-,-,-,-,-,4,-,4,4,-,4,8,6,2,3,1,2,-,-,-,-,-,-,-,-,-,-,-,-,4,2,2,1,-,1,9,3,6,-,-,-,33,16,17,1193,616,577,529,173,356,160,69,91,153,83,70,148,17,131,279,72,207,86,35,51,113,22,91,36,20,16,14,7,7,33,15,18,44,18,26,20,15,5,40,4,36,39,18,21,6,2,4,17,10,7,7,4,3,15,11,4,23,14,9,3,1,2,6,2,4,3,3,-,27,7,20,-,-,-,16,3,13,6,2,4,29,12,17,-,-,-,13,4,9,15,5,10,5,2,3,3,1,2,3,2,1,11,7,4,6,3,3,3,2,1,4,2,2,3,2,1,5,-,5,3,1,2,3,1,2,2,-,2,-,-,-,-,-,-,1,1,-,2,1,1,3,-,3,8,5,3,3,1,2,-,-,-,-,-,-,-,-,-,2,-,2,5,2,3,1,-,1,8,3,5,-,-,-,33,16,17
"합계",강서구,2369,1199,1170,990,349,641,206,117,89,289,139,150,323,51,272,414,109,305,86,26,60,136,30,106,58,53,5,60,40,20,85,34,51,71,50,21,23,18,5,93,35,58,75,33,42,25,17,8,33,30,3,13,10,3,12,9,3,59,28,31,4,3,1,44,35,9,19,16,3,40,19,21,-,-,-,19,2,17,13,11,2,11,4,7,82,82,-,15,11,4,54,45,9,7,4,3,6,5,1,22,19,3,7,7,-,3,2,1,22,20,2,5,1,4,9,8,1,7,3,4,13,12,1,6,5,1,3,-,3,4,3,1,1,1,-,2,2,-,11,10,1,4,2,2,7,7,-,12,11,1,-,-,-,2,2,-,-,-,-,1,-,1,4,2,2,3,1,2,7,3,4,-,-,-,103,61,42,1975,979,996,926,328,598,198,100,98,264,116,148,339,58,281,418,114,304,78,26,52,130,22,108,57,50,7,41,32,9,74,36,38,55,39,16,25,18,7,90,27,63,70,20,50,23,17,6,27,24,3,10,8,2,23,14,9,45,20,25,7,6,1,18,9,9,13,12,1,37,17,20,-,-,-,20,2,18,16,11,5,21,6,15,59,59,-,11,7,4,52,43,9,7,4,3,6,5,1,23,17,6,8,8,-,1,1,-,19,15,4,7,2,5,4,3,1,5,2,3,12,11,1,7,7,-,5,2,3,5,4,1,1,1,-,3,3,-,9,9,-,3,2,1,15,15,-,7,6,1,-,-,-,3,2,1,-,-,-,1,-,1,4,1,3,3,1,2,15,4,11,-,-,-,95,50,45,1810,901,909,939,321,618,206,91,115,267,114,153,341,52,289,424,122,302,93,26,67,130,25,105,52,43,9,62,44,18,80,39,41,58,34,24,24,18,6,138,69,69,100,28,72,22,13,9,29,25,4,13,9,4,23,15,8,39,19,20,10,7,3,28,20,8,16,11,5,53,31,22,2,1,1,32,10,22,14,11,3,28,11,17,8,6,2,10,5,5,106,79,27,5,3,2,6,5,1,19,12,7,14,8,6,1,1,-,19,15,4,20,14,6,4,3,1,5,2,3,10,9,1,11,10,1,6,1,5,6,4,2,-,-,-,9,8,1,12,10,2,4,3,1,25,25,-,5,4,1,-,-,-,-,-,-,-,-,-,-,-,-,3,-,3,4,1,3,17,4,13,-,-,-,83,46,37,1719,860,859,1012,329,683,201,89,112,269,119,150,374,53,321,462,148,314,90,23,67,133,24,109,57,43,14,54,42,12,72,41,31,62,33,29,32,20,12,193,108,85,115,37,78,22,14,8,32,26,6,15,9,6,28,17,11,35,13,22,11,7,4,33,25,8,12,8,4,80,51,29,1,-,1,35,10,25,14,12,2,22,6,16,8,6,2,11,6,5,141,105,36,4,2,2,6,5,1,20,13,7,11,5,6,2,2,-,18,16,2,18,8,10,5,4,1,5,1,4,9,8,1,12,12,-,9,2,7,7,5,2,2,2,-,12,9,3,8,6,2,6,3,3,23,23,-,7,5,2,-,-,-,2,2,-,-,-,-,-,-,-,1,-,1,3,1,2,14,4,10,1,-,1,89,48,41
"합계",구로구,22541,13857,8684,5645,2356,3289,108,56,52,176,79,97,193,42,151,498,194,304,104,44,60,102,32,70,28,20,8,24,17,7,58,40,18,33,20,13,17,6,11,69,13,56,52,9,43,7,6,1,13,11,2,10,5,5,28,23,5,35,13,22,6,5,1,32,18,14,21,20,1,41,24,17,-,-,-,17,2,15,3,3,-,41,20,21,13,13,-,4,1,3,121,93,28,6,4,2,3,3,-,6,3,3,2,2,-,2,-,2,5,4,1,5,3,2,-,-,-,10,3,7,3,2,1,2,2,-,3,-,3,2,1,1,-,-,-,-,-,-,1,1,-,5,2,3,6,5,1,2,1,1,-,-,-,1,-,1,-,-,-,1,-,1,-,-,-,-,-,-,3,2,1,-,-,-,64,32,32,17788,10589,7199,5186,2183,3003,106,50,56,160,70,90,202,35,167,478,201,277,100,41,59,104,33,71,29,19,10,25,20,5,52,34,18,28,15,13,12,6,6,59,9,50,44,8,36,7,4,3,10,9,1,17,12,5,28,23,5,33,11,22,6,5,1,35,17,18,22,21,1,30,16,14,-,-,-,19,2,17,3,3,-,43,21,22,11,11,-,7,2,5,82,55,27,7,4,3,3,3,-,5,3,2,1,1,-,1,-,1,7,4,3,8,3,5,-,-,-,12,3,9,4,1,3,3,2,1,6,2,4,1,1,-,2,-,2,1,-,1,1,1,-,6,2,4,5,4,1,1,-,1,-,-,-,1,-,1,-,-,-,-,-,-,1,-,1,1,-,1,5,1,4,-,-,-,47,22,25,16255,9676,6579,5125,2109,3016,116,52,64,164,69,95,217,40,177,448,184,264,99,36,63,107,32,75,31,20,11,30,21,9,54,36,18,25,11,14,19,8,11,72,7,65,41,8,33,10,3,7,11,10,1,19,12,7,35,25,10,58,37,21,4,3,1,43,21,22,17,16,1,29,17,12,5,3,2,19,2,17,6,4,2,62,38,24,11,11,-,1,1,-,106,71,35,7,4,3,5,5,-,6,4,2,4,2,2,1,-,1,5,4,1,13,3,10,1,-,1,10,1,9,4,1,3,2,2,-,6,2,4,2,1,1,2,-,2,2,1,1,3,1,2,4,2,2,7,6,1,-,-,-,-,-,-,3,-,3,-,-,-,-,-,-,-,-,-,1,-,1,6,4,2,3,2,1,53,26,27,15704,9318,6386,5137,2061,3076,103,41,62,148,61,87,216,33,183,462,175,287,87,33,54,126,45,81,24,17,7,42,27,15,50,28,22,26,12,14,43,13,30,76,6,70,46,12,34,12,5,7,14,11,3,20,13,7,32,25,7,33,12,21,4,3,1,46,23,23,23,21,2,34,15,19,1,1,-,22,2,20,7,5,2,43,21,22,15,13,2,3,2,1,132,87,45,6,2,4,3,3,-,3,2,1,5,2,3,6,3,3,6,3,3,14,4,10,-,-,-,11,2,9,7,-,7,5,3,2,2,1,1,1,1,-,-,-,-,1,1,-,2,1,1,5,1,4,5,3,2,1,-,1,-,-,-,4,-,4,-,-,-,1,1,-,-,-,-,-,-,-,4,2,2,3,2,1,60,29,31
"합계",금천구,13526,8117,5409,2586,1055,1531,44,28,16,75,32,43,109,18,91,416,127,289,99,44,55,112,46,66,12,7,5,11,8,3,39,25,14,9,5,4,8,5,3,34,10,24,14,5,9,7,5,2,3,2,1,42,32,10,23,21,2,18,12,6,1,-,1,7,3,4,16,13,3,56,38,18,-,-,-,9,1,8,2,2,-,10,3,7,10,9,1,2,1,1,81,80,1,2,-,2,6,3,3,4,3,1,-,-,-,2,-,2,4,3,1,3,1,2,1,1,-,12,6,6,2,1,1,3,2,1,5,-,5,-,-,-,-,-,-,2,1,1,2,-,2,2,2,-,7,5,2,1,-,1,-,-,-,-,-,-,-,-,-,3,1,2,4,1,3,-,-,-,8,2,6,1,1,-,29,16,13,10478,6135,4343,2427,995,1432,49,28,21,78,32,46,111,17,94,404,116,288,94,45,49,105,43,62,11,6,5,13,9,4,30,19,11,11,6,5,15,7,8,32,10,22,26,5,21,3,2,1,2,2,-,39,29,10,23,21,2,23,11,12,2,1,1,6,1,5,13,11,2,57,37,20,-,-,-,13,1,12,1,1,-,5,2,3,10,9,1,1,1,-,54,46,8,2,1,1,7,3,4,6,2,4,2,1,1,5,2,3,3,3,-,6,3,3,2,1,1,9,3,6,2,1,1,4,2,2,5,-,5,-,-,-,-,-,-,2,1,1,-,-,-,2,1,1,5,3,2,1,-,1,-,-,-,-,-,-,-,-,-,3,1,2,6,1,5,-,-,-,5,2,3,3,2,1,27,13,14,9570,5539,4031,2365,955,1410,59,32,27,84,35,49,119,14,105,391,123,268,101,45,56,109,41,68,13,6,7,15,11,4,38,17,21,10,5,5,19,9,10,52,14,38,23,6,17,4,2,2,2,1,1,31,21,10,21,19,2,28,11,17,1,-,1,3,1,2,13,11,2,67,44,23,-,-,-,10,1,9,1,1,-,9,4,5,22,19,3,2,-,2,79,70,9,2,-,2,7,2,5,7,2,5,4,3,1,2,-,2,3,2,1,5,1,4,3,2,1,9,2,7,1,-,1,3,2,1,8,1,7,-,-,-,-,-,-,1,1,-,1,-,1,2,1,1,4,2,2,1,-,1,-,-,-,-,-,-,-,-,-,4,1,3,4,1,3,1,-,1,7,2,5,-,-,-,28,13,15,9243,5371,3872,2618,1045,1573,53,24,29,89,36,53,140,17,123,438,146,292,117,53,64,125,56,69,13,7,6,20,15,5,40,20,20,10,4,6,27,11,16,69,18,51,29,10,19,4,1,3,4,3,1,28,19,9,24,22,2,27,12,15,2,1,1,3,1,2,12,10,2,68,44,24,-,-,-,11,-,11,2,2,-,13,5,8,22,20,2,-,-,-,92,83,9,2,-,2,9,1,8,8,3,5,2,1,1,1,-,1,5,2,3,5,-,5,4,1,3,12,3,9,2,1,1,6,3,3,11,1,10,-,-,-,-,-,-,1,1,-,-,-,-,2,1,1,4,1,3,1,-,1,-,-,-,-,-,-,-,-,-,3,1,2,3,1,2,1,-,1,8,3,5,-,-,-,32,14,18
"합계",영등포구,23193,13524,9669,4848,2116,2732,209,114,95,345,179,166,199,37,162,325,110,215,52,23,29,67,15,52,49,37,12,43,34,9,26,13,13,42,26,16,33,18,15,147,107,40,52,15,37,14,10,4,11,7,4,65,51,14,25,22,3,175,88,87,7,5,2,10,3,7,15,14,1,64,52,12,4,2,2,39,8,31,13,12,1,14,5,9,27,26,1,6,6,-,97,90,7,4,1,3,3,1,2,7,1,6,10,5,5,3,-,3,7,3,4,12,4,8,4,3,1,1,1,-,1,-,1,5,4,1,5,-,5,2,2,-,2,-,2,-,-,-,2,2,-,1,-,1,4,4,-,4,2,2,-,-,-,-,-,-,-,-,-,3,-,3,-,-,-,1,1,-,7,4,3,1,-,1,47,17,30,17652,9949,7703,4384,1961,2423,252,128,124,329,166,163,209,32,177,301,96,205,45,17,28,67,13,54,57,39,18,43,32,11,32,19,13,46,27,19,33,24,9,63,29,34,47,13,34,18,12,6,17,12,5,71,56,15,25,22,3,197,97,100,4,4,-,28,16,12,12,12,-,41,30,11,-,-,-,39,8,31,10,9,1,14,5,9,21,20,1,10,8,2,43,36,7,7,2,5,1,1,-,11,6,5,11,4,7,2,-,2,13,6,7,7,2,5,3,2,1,2,2,-,5,2,3,7,5,2,5,-,5,3,3,-,1,-,1,1,-,1,2,2,-,3,-,3,4,4,-,5,4,1,3,2,1,-,-,-,-,-,-,2,-,2,-,-,-,4,3,1,8,3,5,-,-,-,58,29,29,15894,8851,7043,4341,1869,2472,242,125,117,328,163,165,234,29,205,336,110,226,62,24,38,76,18,58,55,35,20,45,34,11,37,19,18,50,26,24,45,30,15,74,31,43,63,15,48,29,16,13,16,12,4,73,57,16,26,22,4,222,111,111,4,4,-,27,14,13,11,11,-,45,35,10,3,2,1,53,13,40,9,9,-,16,5,11,15,14,1,7,7,-,63,39,24,15,4,11,2,2,-,13,5,8,12,3,9,4,-,4,14,8,6,10,6,4,3,3,-,6,5,1,6,3,3,17,9,8,5,1,4,4,4,-,1,-,1,2,1,1,4,3,1,5,-,5,3,3,-,4,3,1,2,2,-,2,1,1,-,-,-,2,-,2,-,-,-,4,3,1,8,4,4,-,-,-,73,41,32,15015,8415,6600,4860,1989,2871,241,122,119,341,169,172,297,39,258,391,125,266,79,27,52,74,23,51,53,33,20,51,39,12,48,28,20,51,23,28,67,44,23,97,50,47,80,18,62,27,14,13,23,18,5,96,78,18,24,21,3,244,116,128,1,1,-,42,22,20,11,11,-,37,30,7,3,2,1,62,14,48,6,5,1,17,5,12,15,12,3,8,7,1,64,39,25,13,5,8,7,5,2,17,6,11,12,7,5,5,2,3,18,8,10,26,18,8,9,4,5,10,6,4,6,3,3,16,8,8,8,-,8,9,5,4,5,2,3,1,1,-,8,3,5,4,-,4,6,6,-,1,1,-,-,-,-,1,1,-,-,-,-,4,2,2,-,-,-,2,2,-,10,4,6,-,-,-,81,44,37
"합계",동작구,4807,2540,2267,3733,1389,2344,181,100,81,130,52,78,154,23,131,912,274,638,86,27,59,58,8,50,31,20,11,50,33,17,58,37,21,26,21,5,52,29,23,54,18,36,64,11,53,15,8,7,7,5,2,12,6,6,48,32,16,38,9,29,11,6,5,21,7,14,23,22,1,32,16,16,-,-,-,22,4,18,4,4,-,16,4,12,21,14,7,10,2,8,27,8,19,7,2,5,13,6,7,7,5,2,8,6,2,4,3,1,7,4,3,14,2,12,7,7,-,9,3,6,4,3,1,11,10,1,11,3,8,2,1,1,4,2,2,5,4,1,4,3,1,4,2,2,10,6,4,-,-,-,3,3,-,1,-,1,-,-,-,1,-,1,6,2,4,1,1,-,16,8,8,7,3,4,194,133,61,3578,1784,1794,2850,1073,1777,196,104,92,130,45,85,223,34,189,928,282,646,75,26,49,53,5,48,28,20,8,52,34,18,43,27,16,30,17,13,46,23,23,58,16,42,59,8,51,25,14,11,5,3,2,10,5,5,40,30,10,32,6,26,11,7,4,15,4,11,25,22,3,21,10,11,-,-,-,22,3,19,8,6,2,16,1,15,18,12,6,8,3,5,28,11,17,3,1,2,11,4,7,12,6,6,7,5,2,3,2,1,12,5,7,8,4,4,13,6,7,7,2,5,4,1,3,18,10,8,7,3,4,3,3,-,2,-,2,4,4,-,3,3,-,3,1,2,14,8,6,1,-,1,3,3,-,1,1,-,1,-,1,4,-,4,8,4,4,4,1,3,16,9,7,1,-,1,199,133,66,3156,1605,1551,2674,1018,1656,193,110,83,139,43,96,347,41,306,1112,360,752,92,25,67,57,8,49,34,22,12,60,40,20,58,38,20,43,27,16,52,28,24,64,15,49,77,8,69,59,20,39,10,3,7,18,12,6,50,35,15,47,14,33,11,6,5,21,5,16,27,24,3,26,13,13,-,-,-,22,3,19,7,7,-,26,7,19,16,13,3,5,1,4,36,8,28,4,4,-,17,9,8,8,4,4,8,6,2,2,2,-,12,3,9,12,6,6,15,7,8,12,3,9,5,2,3,21,12,9,11,4,7,3,1,2,1,-,1,9,9,-,3,3,-,4,1,3,11,5,6,1,-,1,2,2,-,-,-,-,2,-,2,4,1,3,6,3,3,1,-,1,13,7,6,4,1,3,261,163,98,2955,1529,1426,3267,1185,2082,229,120,109,184,44,140,344,32,312,1624,488,1136,150,51,99,61,13,48,38,24,14,76,43,33,117,83,34,46,25,21,135,69,66,85,29,56,108,21,87,76,26,50,14,7,7,31,12,19,60,38,22,55,15,40,12,7,5,17,3,14,29,27,2,22,12,10,1,-,1,32,5,27,9,9,-,23,5,18,16,11,5,5,2,3,51,10,41,8,3,5,14,7,7,8,3,5,4,3,1,10,5,5,20,8,12,10,3,7,21,10,11,10,3,7,6,1,5,27,15,12,18,5,13,6,1,5,13,7,6,9,9,-,5,2,3,15,4,11,18,8,10,4,1,3,2,2,-,3,-,3,-,-,-,3,2,1,16,7,9,7,2,5,22,12,10,4,3,1,431,271,160
"합계",관악구,8791,4718,4073,2734,1000,1734,296,141,155,164,38,126,322,52,270,764,217,547,223,67,156,143,27,116,51,39,12,144,82,62,180,110,70,77,45,32,111,53,58,212,116,96,110,17,93,74,31,43,24,10,14,48,31,17,45,36,9,142,48,94,16,10,6,85,26,59,89,77,12,82,52,30,1,-,1,48,9,39,7,2,5,62,18,44,44,34,10,10,5,5,66,44,22,14,5,9,60,21,39,25,10,15,13,9,4,13,8,5,33,11,22,36,7,29,17,13,4,17,3,14,21,8,13,24,16,8,16,5,11,9,6,3,10,4,6,16,12,4,8,4,4,13,3,10,43,34,9,7,3,4,4,2,2,3,1,2,-,-,-,8,2,6,10,2,8,7,4,3,47,19,28,-,-,-,342,187,155,6648,3409,3239,2401,891,1510,278,125,153,175,45,130,326,57,269,873,251,622,295,95,200,133,26,107,44,31,13,158,81,77,209,145,64,80,47,33,86,42,44,160,63,97,125,11,114,66,31,35,24,13,11,47,31,16,53,39,14,122,40,82,21,12,9,95,30,65,92,85,7,62,39,23,3,1,2,46,7,39,8,6,2,59,13,46,35,28,7,9,5,4,64,40,24,12,4,8,64,19,45,32,14,18,11,6,5,14,7,7,28,12,16,51,8,43,21,12,9,17,2,15,20,8,12,13,8,5,22,5,17,8,4,4,7,4,3,9,6,3,9,4,5,10,3,7,41,25,16,9,3,6,3,2,1,9,3,6,1,-,1,7,3,4,10,3,7,8,5,3,44,18,26,1,-,1,265,130,135,5822,2976,2846,2444,858,1586,359,141,218,170,48,122,387,60,327,1058,308,750,409,126,283,153,26,127,60,30,30,230,110,120,258,185,73,119,61,58,162,68,94,166,20,146,191,22,169,98,40,58,33,16,17,57,39,18,56,36,20,187,55,132,17,12,5,106,37,69,91,83,8,59,37,22,6,1,5,69,12,57,12,7,5,76,23,53,38,26,12,15,10,5,87,37,50,23,2,21,71,16,55,44,17,27,13,8,5,27,14,13,40,14,26,57,10,47,32,20,12,17,4,13,27,9,18,29,14,15,21,-,21,9,6,3,11,4,7,14,11,3,18,6,12,16,5,11,40,22,18,7,2,5,3,1,2,9,3,6,-,-,-,9,1,8,21,7,14,9,4,5,55,20,35,1,-,1,345,157,188,5567,2888,2679,2745,914,1831,374,143,231,194,54,140,544,72,472,1191,334,857,724,219,505,157,28,129,77,38,39,228,107,121,302,210,92,116,50,66,241,88,153,174,27,147,282,50,232,133,58,75,40,17,23,109,69,40,72,42,30,219,61,158,17,11,6,127,43,84,78,66,12,76,41,35,6,1,5,80,11,69,16,10,6,102,27,75,35,22,13,25,11,14,134,38,96,27,5,22,74,21,53,51,19,32,12,8,4,21,7,14,52,11,41,83,21,62,34,21,13,32,8,24,25,11,14,48,14,34,39,2,37,12,8,4,14,2,12,17,15,2,21,11,10,22,5,17,33,20,13,15,6,9,3,1,2,11,4,7,3,-,3,5,2,3,18,3,15,11,7,4,62,15,47,2,-,2,478,193,285
"합계",서초구,616,282,334,558,250,308,590,320,270,128,50,78,254,86,168,121,48,73,47,18,29,102,16,86,88,57,31,83,50,33,42,25,17,88,56,32,449,266,183,41,10,31,59,20,39,49,33,16,52,31,21,10,8,2,5,5,-,14,5,9,2,2,-,20,8,12,3,1,2,24,18,6,12,8,4,20,5,15,19,13,6,18,8,10,17,16,1,12,8,4,40,37,3,28,15,13,4,2,2,8,5,3,10,7,3,10,7,3,32,16,16,56,34,22,12,8,4,2,1,1,7,2,5,12,7,5,10,5,5,9,4,5,2,-,2,1,1,-,43,25,18,11,8,3,8,7,1,5,5,-,-,-,-,-,-,-,-,-,-,3,2,1,5,4,1,8,5,3,9,3,6,1,-,1,107,52,55,471,212,259,484,228,256,608,342,266,133,53,80,273,89,184,121,35,86,36,14,22,85,12,73,85,51,34,63,40,23,57,40,17,93,56,37,442,260,182,62,20,42,56,12,44,42,30,12,62,39,23,12,11,1,7,7,-,16,5,11,4,3,1,16,6,10,1,-,1,22,18,4,13,6,7,20,3,17,17,12,5,15,5,10,4,3,1,10,5,5,17,13,4,29,14,15,7,4,3,10,5,5,10,7,3,18,12,6,23,8,15,35,20,15,7,5,2,2,1,1,9,2,7,21,15,6,10,4,6,7,3,4,1,-,1,1,1,-,39,24,15,13,9,4,16,11,5,4,4,-,-,-,-,-,-,-,-,-,-,4,3,1,6,4,2,13,7,6,10,3,7,2,1,1,116,55,61,412,179,233,497,223,274,648,357,291,122,41,81,304,109,195,128,42,86,38,16,22,73,12,61,92,54,38,74,49,25,53,31,22,116,60,56,475,285,190,56,12,44,50,11,39,75,43,32,62,41,21,14,11,3,5,4,1,13,3,10,5,3,2,24,12,12,1,-,1,10,8,2,18,12,6,25,4,21,14,8,6,25,12,13,8,6,2,17,9,8,10,5,5,21,10,11,10,5,5,13,7,6,13,9,4,19,14,5,34,13,21,32,15,17,19,12,7,2,-,2,10,3,7,26,16,10,8,5,3,4,2,2,2,-,2,-,-,-,33,19,14,11,7,4,16,11,5,3,3,-,-,-,-,4,2,2,6,3,3,10,4,6,7,4,3,11,6,5,8,2,6,-,-,-,163,81,82,405,180,225,651,295,356,733,408,325,118,41,77,310,105,205,129,41,88,41,15,26,83,13,70,106,64,42,93,61,32,50,28,22,130,67,63,494,304,190,76,15,61,68,16,52,59,32,27,48,33,15,18,15,3,8,6,2,31,11,20,5,3,2,29,14,15,4,2,2,10,7,3,28,20,8,24,4,20,13,7,6,30,15,15,4,3,1,15,4,11,16,8,8,19,10,9,11,4,7,12,8,4,10,8,2,24,17,7,53,20,33,39,16,23,23,14,9,3,-,3,11,3,8,30,14,16,13,4,9,2,1,1,3,1,2,-,-,-,26,14,12,13,8,5,13,8,5,5,3,2,-,-,-,5,4,1,6,3,3,12,5,7,3,1,2,16,6,10,7,1,6,1,-,1,173,77,96
"합계",강남구,640,258,382,912,433,479,776,422,354,143,65,78,438,202,236,219,93,126,55,15,40,71,18,53,149,84,65,72,54,18,57,33,24,112,62,50,112,70,42,136,69,67,92,14,78,48,21,27,53,29,24,14,12,2,11,10,1,32,7,25,1,-,1,18,8,10,11,7,4,105,95,10,21,15,6,28,12,16,12,7,5,37,16,21,5,5,-,31,14,17,90,83,7,25,9,16,20,9,11,18,7,11,13,4,9,15,12,3,21,15,6,45,24,21,8,4,4,6,2,4,11,7,4,13,8,5,15,4,11,4,1,3,4,1,3,-,-,-,10,5,5,8,-,8,12,8,4,4,1,3,-,-,-,2,1,1,-,-,-,4,2,2,5,-,5,2,1,1,5,2,3,-,-,-,79,37,42,526,202,324,785,382,403,837,416,421,148,61,87,458,212,246,232,85,147,42,7,35,63,14,49,166,88,78,89,64,25,66,41,25,110,59,51,91,61,30,113,60,53,103,12,91,47,21,26,52,32,20,10,8,2,24,14,10,33,8,25,1,-,1,25,11,14,9,6,3,64,61,3,30,20,10,46,18,28,15,8,7,35,10,25,2,2,-,34,16,18,82,76,6,28,14,14,16,5,11,30,12,18,13,5,8,15,13,2,22,13,9,41,23,18,12,7,5,10,6,4,10,6,4,8,5,3,17,2,15,5,1,4,2,1,1,1,1,-,11,7,4,10,1,9,6,5,1,5,2,3,-,-,-,3,1,2,-,-,-,5,4,1,3,1,2,3,1,2,10,4,6,-,-,-,92,45,47,471,174,297,783,391,392,902,436,466,151,68,83,458,211,247,230,84,146,68,17,51,64,16,48,156,81,75,101,71,30,61,41,20,131,65,66,103,58,45,116,40,76,125,24,101,68,33,35,45,30,15,12,11,1,16,14,2,45,12,33,-,-,-,15,7,8,11,8,3,31,29,2,33,16,17,44,16,28,11,3,8,43,14,29,3,3,-,40,18,22,48,34,14,34,20,14,19,7,12,35,14,21,16,9,7,23,15,8,26,12,14,47,25,22,11,7,4,7,3,4,11,4,7,15,8,7,51,8,43,8,3,5,2,2,-,-,-,-,10,7,3,14,4,10,9,6,3,9,3,6,-,-,-,6,2,4,2,1,1,8,4,4,3,2,1,8,4,4,13,3,10,-,-,-,113,52,61,419,156,263,933,467,466,913,467,446,148,63,85,533,226,307,225,85,140,73,14,59,74,23,51,171,89,82,87,56,31,66,45,21,136,57,79,147,75,72,157,73,84,179,49,130,72,28,44,49,36,13,16,13,3,24,22,2,51,11,40,-,-,-,18,9,9,11,8,3,31,28,3,14,10,4,44,16,28,10,3,7,46,19,27,5,4,1,54,22,32,45,23,22,35,19,16,18,6,12,41,19,22,23,9,14,20,13,7,28,13,15,51,25,26,16,7,9,5,1,4,8,3,5,28,18,10,49,6,43,7,4,3,4,2,2,-,-,-,16,13,3,11,2,9,4,3,1,10,4,6,-,-,-,7,1,6,1,-,1,4,3,1,3,1,2,8,5,3,14,3,11,-,-,-,172,75,97
"합계",송파구,2947,1540,1407,1010,379,631,409,189,220,130,46,84,314,117,197,312,87,225,80,29,51,78,23,55,93,52,41,90,60,30,51,30,21,68,44,24,36,25,11,72,26,46,71,19,52,18,9,9,17,10,7,13,9,4,5,3,2,21,4,17,3,2,1,7,2,5,7,5,2,30,16,14,106,59,47,17,4,13,13,10,3,29,6,23,8,6,2,9,2,7,40,38,2,13,3,10,12,7,5,13,5,8,8,3,5,2,2,-,13,7,6,7,1,6,1,1,-,7,1,6,6,3,3,7,5,2,62,23,39,1,1,-,5,2,3,-,-,-,4,3,1,1,-,1,2,2,-,1,1,-,1,1,-,1,1,-,4,3,1,-,-,-,3,1,2,-,-,-,12,6,6,1,1,-,51,22,29,2319,1159,1160,919,349,570,477,221,256,132,50,82,305,99,206,308,96,212,89,32,57,79,19,60,83,50,33,117,80,37,47,32,15,75,49,26,38,27,11,83,33,50,50,13,37,23,16,7,25,13,12,13,12,1,7,5,2,23,3,20,5,4,1,13,4,9,5,4,1,25,15,10,42,26,16,19,3,16,20,13,7,20,5,15,10,7,3,19,8,11,29,26,3,14,3,11,11,6,5,10,3,7,7,3,4,2,2,-,14,9,5,8,1,7,4,3,1,6,2,4,4,2,2,10,8,2,19,7,12,3,2,1,4,2,2,-,-,-,3,2,1,3,1,2,2,2,-,1,-,1,-,-,-,2,1,1,1,-,1,1,1,-,2,-,2,-,-,-,6,4,2,1,1,-,54,26,28,2074,1051,1023,902,341,561,541,244,297,133,47,86,314,102,212,305,93,212,92,38,54,84,19,65,92,52,40,135,82,53,42,29,13,87,54,33,49,28,21,91,38,53,50,14,36,37,23,14,34,19,15,16,15,1,4,2,2,27,3,24,1,1,-,17,6,11,5,4,1,28,18,10,57,29,28,25,8,17,19,14,5,21,5,16,14,8,6,32,8,24,29,25,4,23,10,13,9,5,4,9,4,5,9,2,7,4,2,2,12,8,4,11,4,7,-,-,-,8,6,2,7,3,4,7,4,3,48,20,28,6,3,3,2,2,-,-,-,-,1,1,-,3,1,2,3,3,-,2,-,2,-,-,-,4,1,3,7,3,4,5,3,2,2,-,2,3,2,1,9,5,4,1,1,-,84,39,45,1944,978,966,954,357,597,558,240,318,142,45,97,332,108,224,317,94,223,98,41,57,95,27,68,94,48,46,148,87,61,65,46,19,119,65,54,63,39,24,113,45,68,60,21,39,39,23,16,31,18,13,20,20,-,3,2,1,25,1,24,1,1,-,16,5,11,5,4,1,33,21,12,44,26,18,27,5,22,20,14,6,27,8,19,13,6,7,38,11,27,40,32,8,26,9,17,9,5,4,10,5,5,7,-,7,2,-,2,12,7,5,17,8,9,1,-,1,5,4,1,10,4,6,9,3,6,30,7,23,6,4,2,4,3,1,-,-,-,7,3,4,4,2,2,7,4,3,3,-,3,-,-,-,4,1,3,1,1,-,1,-,1,4,-,4,2,-,2,10,6,4,1,1,-,95,53,42
"합계",강동구,1995,1049,946,649,216,433,165,75,90,67,28,39,166,22,144,313,80,233,166,77,89,80,19,61,34,15,19,16,13,3,90,62,28,26,14,12,9,6,3,55,19,36,36,15,21,5,1,4,11,9,2,12,9,3,26,18,8,9,4,5,-,-,-,9,4,5,12,9,3,68,60,8,21,15,6,8,1,7,8,6,2,17,10,7,24,21,3,8,2,6,18,18,-,2,2,-,5,3,2,2,1,1,4,2,2,6,4,2,5,2,3,12,9,3,3,1,2,10,3,7,3,3,-,4,2,2,2,-,2,-,-,-,1,1,-,-,-,-,1,1,-,1,1,-,2,1,1,-,-,-,-,-,-,1,1,-,-,-,-,1,1,-,2,2,-,1,1,-,7,5,2,-,-,-,19,7,12,1563,798,765,606,197,409,195,74,121,77,31,46,181,26,155,312,80,232,160,70,90,84,19,65,27,11,16,19,15,4,86,64,22,25,18,7,8,5,3,92,49,43,37,13,24,5,3,2,15,12,3,15,12,3,29,22,7,8,4,4,-,-,-,9,4,5,9,6,3,72,63,9,5,2,3,13,2,11,4,3,1,19,8,11,19,18,1,8,3,5,26,23,3,4,2,2,5,3,2,1,-,1,2,1,1,3,2,1,6,4,2,19,15,4,6,4,2,8,3,5,3,3,-,5,3,2,3,-,3,-,-,-,1,1,-,-,-,-,-,-,-,1,1,-,2,1,1,-,-,-,-,-,-,3,2,1,-,-,-,2,1,1,2,2,-,-,-,-,8,4,4,-,-,-,22,8,14,1391,699,692,579,179,400,207,81,126,76,27,49,196,27,169,326,93,233,182,82,100,87,17,70,33,17,16,37,25,12,97,72,25,38,21,17,14,7,7,78,34,44,33,12,21,7,3,4,18,14,4,17,15,2,28,22,6,7,3,4,-,-,-,12,5,7,12,9,3,88,74,14,52,23,29,16,4,12,3,1,2,18,7,11,21,20,1,14,6,8,31,28,3,2,1,1,5,3,2,4,-,4,7,4,3,3,2,1,7,3,4,45,41,4,3,2,1,9,4,5,5,3,2,6,3,3,4,-,4,-,-,-,1,-,1,1,1,-,-,-,-,1,1,-,1,-,1,-,-,-,-,-,-,4,2,2,-,-,-,1,1,-,2,2,-,-,-,-,7,3,4,-,-,-,37,16,21,1340,688,652,610,188,422,209,79,130,77,26,51,208,32,176,387,118,269,217,97,120,95,21,74,32,17,15,33,22,11,131,96,35,44,20,24,19,11,8,85,33,52,56,24,32,16,6,10,21,13,8,18,15,3,26,21,5,13,8,5,-,-,-,12,5,7,12,9,3,82,70,12,10,2,8,16,4,12,5,2,3,21,10,11,15,14,1,22,10,12,60,54,6,3,1,2,4,3,1,3,1,2,9,6,3,4,1,3,7,3,4,49,42,7,3,2,1,12,5,7,7,4,3,9,1,8,6,1,5,-,-,-,-,-,-,1,1,-,-,-,-,3,1,2,2,-,2,-,-,-,-,-,-,4,2,2,-,-,-,1,1,-,3,2,1,-,-,-,7,3,4,-,-,-,39,17,22
